	Augustus on AGIS1.0_ Protein sequence	Augustus on BSM_ Protein sequence	Augustus on CI_ Protein sequence	Augustus on GJ_ Protein sequence	Augustus on IN_ Protein sequence	Augustus on KM_ Protein sequence	Augustus on MPE_ Protein sequence	Augustus on PP_ Protein sequence
Number of genes	39737	39604	39496	39178	39787	40150	39453	39680
Number of genes in orthogroups	39251	39250	39171	38852	39427	39789	39150	39431
Number of unassigned genes	486	354	325	326	360	361	303	249
Percentage of genes in orthogroups	98.8	99.1	99.2	99.2	99.1	99.1	99.2	99.4
Percentage of unassigned genes	1.2	0.9	0.8	0.8	0.9	0.9	0.8	0.6
Number of orthogroups containing species	34381	34576	34494	34303	34795	34909	34541	34850
Percentage of orthogroups containing species	84.4	84.9	84.7	84.2	85.4	85.7	84.8	85.5
Number of species-specific orthogroups	19	12	13	17	14	24	20	8
Number of genes in species-specific orthogroups	72	54	138	70	96	148	105	45
Percentage of genes in species-specific orthogroups	0.2	0.1	0.3	0.2	0.2	0.4	0.3	0.1


Number of genes per-species in orthogroup	Number of orthogroups	Number of orthogroups	Number of orthogroups	Number of orthogroups	Number of orthogroups	Number of orthogroups	Number of orthogroups	Number of orthogroups
'0	6356	6161	6243	6434	5942	5828	6196	5887
'1	31371	31572	31543	31385	31873	31901	31623	31900
'2	2246	2275	2232	2217	2218	2237	2204	2246
'3	391	413	386	381	362	416	378	377
'4	158	140	148	140	158	157	146	155
'5	79	57	58	61	62	65	67	62
'6	41	35	35	33	40	34	43	42
'7	22	17	26	26	18	30	27	13
'8	19	18	18	18	14	18	12	12
'9	16	14	15	12	17	10	12	11
'10	9	12	9	9	11	13	7	7
11-15	22	19	16	17	15	15	16	18
16-20	5	2	4	0	1	7	3	2
21-50	2	2	4	4	6	6	3	5
51-100	0	0	0	0	0	0	0	0
101-150	0	0	0	0	0	0	0	0
151-200	0	0	0	0	0	0	0	0
201-500	0	0	0	0	0	0	0	0
501-1000	0	0	0	0	0	0	0	0
'1001+	0	0	0	0	0	0	0	0

Number of genes per-species in orthogroup	Percentage of orthogroups	Percentage of orthogroups	Percentage of orthogroups	Percentage of orthogroups	Percentage of orthogroups	Percentage of orthogroups	Percentage of orthogroups	Percentage of orthogroups
'0	15.6	15.1	15.3	15.8	14.6	14.3	15.2	14.5
'1	77.0	77.5	77.4	77.0	78.2	78.3	77.6	78.3
'2	5.5	5.6	5.5	5.4	5.4	5.5	5.4	5.5
'3	1.0	1.0	0.9	0.9	0.9	1.0	0.9	0.9
'4	0.4	0.3	0.4	0.3	0.4	0.4	0.4	0.4
'5	0.2	0.1	0.1	0.1	0.2	0.2	0.2	0.2
'6	0.1	0.1	0.1	0.1	0.1	0.1	0.1	0.1
'7	0.1	0.0	0.1	0.1	0.0	0.1	0.1	0.0
'8	0.0	0.0	0.0	0.0	0.0	0.0	0.0	0.0
'9	0.0	0.0	0.0	0.0	0.0	0.0	0.0	0.0
'10	0.0	0.0	0.0	0.0	0.0	0.0	0.0	0.0
11-15	0.1	0.0	0.0	0.0	0.0	0.0	0.0	0.0
16-20	0.0	0.0	0.0	0.0	0.0	0.0	0.0	0.0
21-50	0.0	0.0	0.0	0.0	0.0	0.0	0.0	0.0
51-100	0.0	0.0	0.0	0.0	0.0	0.0	0.0	0.0
101-150	0.0	0.0	0.0	0.0	0.0	0.0	0.0	0.0
151-200	0.0	0.0	0.0	0.0	0.0	0.0	0.0	0.0
201-500	0.0	0.0	0.0	0.0	0.0	0.0	0.0	0.0
501-1000	0.0	0.0	0.0	0.0	0.0	0.0	0.0	0.0
'1001+	0.0	0.0	0.0	0.0	0.0	0.0	0.0	0.0

Number of genes per-species in orthogroup	Number of genes	Number of genes	Number of genes	Number of genes	Number of genes	Number of genes	Number of genes	Number of genes
'0	0	0	0	0	0	0	0	0
'1	31371	31572	31543	31385	31873	31901	31623	31900
'2	4492	4550	4464	4434	4436	4474	4408	4492
'3	1173	1239	1158	1143	1086	1248	1134	1131
'4	632	560	592	560	632	628	584	620
'5	395	285	290	305	310	325	335	310
'6	246	210	210	198	240	204	258	252
'7	154	119	182	182	126	210	189	91
'8	152	144	144	144	112	144	96	96
'9	144	126	135	108	153	90	108	99
'10	90	120	90	90	110	130	70	70
11-15	267	228	188	207	171	175	191	212
16-20	89	40	68	0	19	123	58	34
21-50	46	57	107	96	159	137	96	124
51-100	0	0	0	0	0	0	0	0
101-150	0	0	0	0	0	0	0	0
151-200	0	0	0	0	0	0	0	0
201-500	0	0	0	0	0	0	0	0
501-1000	0	0	0	0	0	0	0	0
'1001+	0	0	0	0	0	0	0	0

Number of genes per-species in orthogroup	Percentage of genes	Percentage of genes	Percentage of genes	Percentage of genes	Percentage of genes	Percentage of genes	Percentage of genes	Percentage of genes
'0	0.0	0.0	0.0	0.0	0.0	0.0	0.0	0.0
'1	78.9	79.7	79.9	80.1	80.1	79.5	80.2	80.4
'2	11.3	11.5	11.3	11.3	11.1	11.1	11.2	11.3
'3	3.0	3.1	2.9	2.9	2.7	3.1	2.9	2.9
'4	1.6	1.4	1.5	1.4	1.6	1.6	1.5	1.6
'5	1.0	0.7	0.7	0.8	0.8	0.8	0.8	0.8
'6	0.6	0.5	0.5	0.5	0.6	0.5	0.7	0.6
'7	0.4	0.3	0.5	0.5	0.3	0.5	0.5	0.2
'8	0.4	0.4	0.4	0.4	0.3	0.4	0.2	0.2
'9	0.4	0.3	0.3	0.3	0.4	0.2	0.3	0.2
'10	0.2	0.3	0.2	0.2	0.3	0.3	0.2	0.2
11-15	0.7	0.6	0.5	0.5	0.4	0.4	0.5	0.5
16-20	0.2	0.1	0.2	0.0	0.0	0.3	0.1	0.1
21-50	0.1	0.1	0.3	0.2	0.4	0.3	0.2	0.3
51-100	0.0	0.0	0.0	0.0	0.0	0.0	0.0	0.0
101-150	0.0	0.0	0.0	0.0	0.0	0.0	0.0	0.0
151-200	0.0	0.0	0.0	0.0	0.0	0.0	0.0	0.0
201-500	0.0	0.0	0.0	0.0	0.0	0.0	0.0	0.0
501-1000	0.0	0.0	0.0	0.0	0.0	0.0	0.0	0.0
'1001+	0.0	0.0	0.0	0.0	0.0	0.0	0.0	0.0
