cultivar	orthogroup	gene_count	gene_ids	reference_present
BSM	OG0000685	20	NC_089035.1.g1226, NC_089035.1.g3233, NC_089035.1.g3621, NC_089035.1.g4356, NC_089036.1.g8967, NC_089038.1.g14412, NC_089038.1.g14448, NC_089038.1.g15476, NC_089039.1.g17615, NC_089039.1.g17840, NC_089039.1.g17979, NC_089039.1.g18489, NC_089040.1.g22355, NC_089041.1.g25666, NC_089041.1.g25890, NC_089041.1.g26381, NC_089042.1.g28988, NC_089043.1.g30094, NC_089044.1.g33353, NC_089045.1.g35359	0
BSM	OG0000731	1	NC_089035.1.g3074	1
BSM	OG0000933	6	NC_089035.1.g1418, NC_089035.1.g2158, NC_089035.1.g2162, NC_089035.1.g3242, NC_089035.1.g3244, NC_089035.1.g3249	1
BSM	OG0003329	10	NC_089036.1.g6798, NC_089036.1.g7739, NC_089037.1.g11250, NC_089037.1.g11252, NC_089039.1.g17915, NC_089039.1.g18390, NC_089043.1.g30137, NC_089044.1.g32737, NC_089046.1.g37873, NC_089046.1.g38395	0
BSM	OG0028622	3	NC_089036.1.g9325, NC_089036.1.g9329, NC_089036.1.g9340	1
BSM	OG0032213	2	NC_089035.1.g3920, NC_089036.1.g6109	1
BSM	OG0033234	5	NC_089036.1.g6797, NC_089037.1.g11249, NC_089039.1.g17916, NC_089039.1.g18389, NC_089041.1.g24982	0
BSM	OG0034732	2	NC_089044.1.g32619, NC_089044.1.g32621	1
BSM	OG0036679	2	NC_089042.1.g29553, NC_089043.1.g30537	1
BSM	OG0036970	3	NC_089035.1.g2198, NC_089040.1.g21476, NC_089041.1.g24878	0
BSM	OG0038285	1	NC_089035.1.g109	1
BSM	OG0038291	1	NC_089035.1.g360	1
BSM	OG0038297	1	NC_089035.1.g953	1
BSM	OG0038332	1	NC_089035.1.g2742	1
BSM	OG0038338	1	NC_089035.1.g2945	1
BSM	OG0038345	1	NC_089035.1.g3337	1
BSM	OG0038350	1	NC_089035.1.g3515	1
BSM	OG0038354	1	NC_089035.1.g3921	1
BSM	OG0038359	1	NC_089035.1.g4347	1
BSM	OG0038374	1	NC_089036.1.g6228	1
BSM	OG0038383	1	NC_089036.1.g6814	1
BSM	OG0038384	1	NC_089036.1.g6815	1
BSM	OG0038406	1	NC_089036.1.g8633	1
BSM	OG0038414	1	NC_089036.1.g9091	1
BSM	OG0038416	1	NC_089036.1.g9332	1
BSM	OG0038417	1	NC_089036.1.g9333	1
BSM	OG0038448	1	NC_089037.1.g11188	1
BSM	OG0038465	1	NC_089037.1.g12267	1
BSM	OG0038466	1	NC_089037.1.g12282	1
BSM	OG0038473	1	NC_089037.1.g12795	1
BSM	OG0038478	1	NC_089037.1.g13433	1
BSM	OG0038485	1	NC_089038.1.g14064	1
BSM	OG0038492	1	NC_089038.1.g14179	1
BSM	OG0038515	1	NC_089038.1.g15400	1
BSM	OG0038524	1	NC_089038.1.g16479	1
BSM	OG0038530	1	NC_089039.1.g17671	1
BSM	OG0038554	1	NC_089039.1.g18583	1
BSM	OG0038555	1	NC_089039.1.g18584	1
BSM	OG0038560	1	NC_089039.1.g18683	1
BSM	OG0038562	1	NC_089039.1.g18686	1
BSM	OG0038564	1	NC_089039.1.g18789	1
BSM	OG0038586	1	NC_089040.1.g20698	1
BSM	OG0038595	1	NC_089040.1.g21539	1
BSM	OG0038599	1	NC_089040.1.g21739	1
BSM	OG0038612	1	NC_089040.1.g22210	1
BSM	OG0038627	1	NC_089040.1.g22474	1
BSM	OG0038630	1	NC_089040.1.g22691	1
BSM	OG0038640	1	NC_089040.1.g23271	1
BSM	OG0038642	1	NC_089040.1.g23331	1
BSM	OG0038663	1	NC_089035.1.g4493	1
BSM	OG0038669	1	NC_089045.1.g36295	1
BSM	OG0038678	1	NC_089041.1.g25474	1
BSM	OG0038682	1	NC_089041.1.g25663	1
BSM	OG0038717	1	NC_089042.1.g27972	1
BSM	OG0038718	1	NC_089042.1.g27973	1
BSM	OG0038721	1	NC_089042.1.g28166	1
BSM	OG0038725	1	NC_089042.1.g28327	1
BSM	OG0038731	1	NC_089042.1.g28496	1
BSM	OG0038759	1	NC_089043.1.g30300	1
BSM	OG0038761	1	NC_089043.1.g30312	1
BSM	OG0038765	1	NC_089043.1.g30440	1
BSM	OG0038766	1	NC_089043.1.g30478	1
BSM	OG0038773	1	NC_089035.1.g5075	1
BSM	OG0038774	1	NC_089043.1.g30934	1
BSM	OG0038788	1	NC_089039.1.g18799	1
BSM	OG0038790	1	NC_089044.1.g32071	1
BSM	OG0038802	1	NC_089044.1.g32428	1
BSM	OG0038803	1	NC_089044.1.g32429	1
BSM	OG0038804	1	NC_089044.1.g32466	1
BSM	OG0038807	1	NC_089044.1.g32660	1
BSM	OG0038809	1	NC_089044.1.g32811	1
BSM	OG0038860	1	NC_089045.1.g36300	1
BSM	OG0038863	1	NC_089045.1.g36545	1
BSM	OG0038882	1	NC_089046.1.g37740	1
BSM	OG0038893	1	NC_089046.1.g38046	1
BSM	OG0038912	1	NC_089046.1.g38474	1
BSM	OG0038941	2	NC_089035.1.g1492, NC_089040.1.g21922	0
BSM	OG0039030	2	NC_089037.1.g10794, NC_089044.1.g34083	0
BSM	OG0039079	2	NC_089038.1.g14614, NC_089043.1.g31779	0
BSM	OG0039095	2	NC_089038.1.g15170, NC_089045.1.g36907	0
BSM	OG0039105	2	NC_089038.1.g16159, NC_089041.1.g26489	0
BSM	OG0039231	2	NC_089041.1.g25749, NC_089041.1.g25755	0
BSM	OG0039281	2	NC_089042.1.g28730, NC_089042.1.g28731	0
BSM	OG0039322	2	NC_089044.1.g32127, NC_089044.1.g32129	0
CI	OG0000265	30	NC_089035.1.g2576, NC_089035.1.g2977, NC_089035.1.g3135, NC_089035.1.g65, NC_089036.1.g5964, NC_089036.1.g8141, NC_089036.1.g8777, NC_089037.1.g13591, NC_089037.1.g9831, NC_089038.1.g14020, NC_089038.1.g14446, NC_089038.1.g14476, NC_089038.1.g15498, NC_089038.1.g16182, NC_089038.1.g16488, NC_089038.1.g16655, NC_089039.1.g18471, NC_089039.1.g18890, NC_089039.1.g19475, NC_089039.1.g19839, NC_089039.1.g19926, NC_089040.1.g20631, NC_089040.1.g22540, NC_089041.1.g24581, NC_089042.1.g27490, NC_089042.1.g29603, NC_089043.1.g31967, NC_089044.1.g32676, NC_089046.1.g38809, NC_089046.1.g38885	0
CI	OG0000266	30	NC_089035.1.g3136, NC_089036.1.g5965, NC_089037.1.g13592, NC_089037.1.g9832, NC_089037.1.g9895, NC_089038.1.g14445, NC_089038.1.g14477, NC_089038.1.g15500, NC_089038.1.g16183, NC_089038.1.g16184, NC_089038.1.g16485, NC_089038.1.g16486, NC_089038.1.g16654, NC_089039.1.g18891, NC_089039.1.g19032, NC_089039.1.g19476, NC_089039.1.g19762, NC_089039.1.g19836, NC_089039.1.g19837, NC_089039.1.g19927, NC_089040.1.g20632, NC_089040.1.g22541, NC_089041.1.g24582, NC_089042.1.g27491, NC_089042.1.g28323, NC_089042.1.g29604, NC_089043.1.g30088, NC_089043.1.g30985, NC_089043.1.g31968, NC_089044.1.g32675	0
CI	OG0000509	24	NC_089041.1.g25891, NC_089041.1.g25892, NC_089041.1.g26668, NC_089041.1.g26670, NC_089041.1.g26671, NC_089041.1.g26674, NC_089041.1.g26680, NC_089041.1.g26686, NC_089041.1.g26687, NC_089041.1.g26688, NC_089041.1.g26689, NC_089041.1.g26691, NC_089041.1.g26694, NC_089041.1.g26695, NC_089041.1.g26696, NC_089041.1.g26699, NC_089041.1.g26702, NC_089041.1.g26707, NC_089041.1.g26708, NC_089041.1.g26709, NC_089041.1.g26712, NC_089041.1.g26713, NC_089041.1.g26714, NC_089041.1.g26716	0
CI	OG0002098	16	NC_089036.1.g5567, NC_089036.1.g5967, NC_089036.1.g8142, NC_089037.1.g12089, NC_089037.1.g9894, NC_089038.1.g14444, NC_089038.1.g16484, NC_089038.1.g16653, NC_089039.1.g17915, NC_089039.1.g19761, NC_089039.1.g19833, NC_089040.1.g22542, NC_089041.1.g24585, NC_089042.1.g28322, NC_089043.1.g30087, NC_089043.1.g30983	0
CI	OG0003349	10	NC_089035.1.g3613, NC_089035.1.g4321, NC_089037.1.g13845, NC_089039.1.g17506, NC_089039.1.g18534, NC_089039.1.g19992, NC_089039.1.g20341, NC_089040.1.g22708, NC_089042.1.g29489, NC_089043.1.g30175	0
CI	OG0023058	7	NC_089036.1.g6775, NC_089037.1.g13092, NC_089038.1.g14413, NC_089041.1.g24961, NC_089041.1.g24962, NC_089042.1.g29823, NC_089046.1.g38323	1
CI	OG0028224	8	NC_089042.1.g29701, NC_089042.1.g29703, NC_089042.1.g29704, NC_089042.1.g29707, NC_089042.1.g29708, NC_089042.1.g29710, NC_089042.1.g29711, NC_089042.1.g29715	0
CI	OG0030761	1	NC_089040.1.g22025	1
CI	OG0033942	5	NC_089039.1.g17549, NC_089039.1.g20035, NC_089045.1.g36419, NC_089045.1.g36613, NC_089045.1.g36860	0
CI	OG0035587	4	NC_089035.1.g2225, NC_089039.1.g17984, NC_089045.1.g36605, NC_089046.1.g39041	0
CI	OG0036082	1	NC_089040.1.g21847	1
CI	OG0036180	2	NC_089037.1.g11462, NC_089037.1.g11463	1
CI	OG0036317	2	NC_089036.1.g7633, NC_089038.1.g16142	1
CI	OG0037720	3	NC_089040.1.g22256, NC_089040.1.g22257, NC_089042.1.g29546	0
CI	OG0038293	1	NC_089035.1.g718	1
CI	OG0038303	1	NC_089035.1.g1301	1
CI	OG0038308	1	NC_089035.1.g1615	1
CI	OG0038309	1	NC_089035.1.g1636	1
CI	OG0038311	1	NC_089035.1.g1671	1
CI	OG0038315	1	NC_089035.1.g1742	1
CI	OG0038322	1	NC_089035.1.g2253	1
CI	OG0038325	1	NC_089035.1.g2355	1
CI	OG0038352	1	NC_089035.1.g3665	1
CI	OG0038382	1	NC_089036.1.g6826	1
CI	OG0038392	1	NC_089036.1.g7137	1
CI	OG0038453	1	NC_089037.1.g11602	1
CI	OG0038456	1	NC_089037.1.g11806	1
CI	OG0038459	1	NC_089037.1.g11876	1
CI	OG0038461	1	NC_089037.1.g12029	1
CI	OG0038476	1	NC_089043.1.g30047	1
CI	OG0038482	1	NC_089037.1.g13769	1
CI	OG0038494	1	NC_089038.1.g14316	1
CI	OG0038510	1	NC_089038.1.g15005	1
CI	OG0038525	1	NC_089038.1.g16547	1
CI	OG0038535	1	NC_089039.1.g17955	1
CI	OG0038539	1	NC_089039.1.g18066	1
CI	OG0038553	1	NC_089039.1.g18644	1
CI	OG0038585	1	NC_089040.1.g20652	1
CI	OG0038593	1	NC_089040.1.g21444	1
CI	OG0038601	1	NC_089040.1.g21837	1
CI	OG0038625	1	NC_089040.1.g22483	1
CI	OG0038632	1	NC_089040.1.g22849	1
CI	OG0038643	1	NC_089040.1.g23803	1
CI	OG0038647	1	NC_089041.1.g24007	1
CI	OG0038653	1	NC_089041.1.g24355	1
CI	OG0038668	1	NC_089041.1.g25114	1
CI	OG0038689	1	NC_089041.1.g26002	1
CI	OG0038704	1	NC_089042.1.g27238	1
CI	OG0038723	1	NC_089042.1.g28244	1
CI	OG0038738	1	NC_089042.1.g28804	1
CI	OG0038742	1	NC_089038.1.g16251	1
CI	OG0038791	1	NC_089044.1.g32086	1
CI	OG0038796	1	NC_089044.1.g32200	1
CI	OG0038801	1	NC_089044.1.g32289	1
CI	OG0038838	1	NC_089045.1.g34904	1
CI	OG0038852	1	NC_089045.1.g35764	1
CI	OG0038876	1	NC_089046.1.g37351	1
CI	OG0038887	1	NC_089046.1.g37745	1
CI	OG0038894	1	NC_089046.1.g37977	1
CI	OG0038913	1	NC_089046.1.g38382	1
CI	OG0038925	1	NC_089046.1.g39146	1
CI	OG0039440	2	NC_089035.1.g409, NC_089038.1.g16043	0
CI	OG0039544	2	NC_089037.1.g11803, NC_089044.1.g32476	0
CI	OG0039613	2	NC_089039.1.g18786, NC_089046.1.g38292	0
CI	OG0039764	2	NC_089045.1.g34747, NC_089046.1.g38851	0
GJ	OG0000311	27	NC_089035.1.g1725, NC_089035.1.g2557, NC_089035.1.g4955, NC_089035.1.g63, NC_089036.1.g5899, NC_089037.1.g12052, NC_089037.1.g12428, NC_089037.1.g12482, NC_089037.1.g13010, NC_089037.1.g13858, NC_089038.1.g13956, NC_089038.1.g14380, NC_089038.1.g14408, NC_089038.1.g14567, NC_089038.1.g15775, NC_089038.1.g16958, NC_089039.1.g19348, NC_089039.1.g19458, NC_089039.1.g19827, NC_089039.1.g19883, NC_089040.1.g20551, NC_089040.1.g22376, NC_089040.1.g22970, NC_089041.1.g26572, NC_089042.1.g27882, NC_089045.1.g34945, NC_089046.1.g38511	0
GJ	OG0000529	22	NC_089035.1.g1723, NC_089035.1.g4953, NC_089036.1.g6845, NC_089036.1.g8100, NC_089037.1.g13344, NC_089038.1.g14281, NC_089038.1.g14378, NC_089038.1.g16351, NC_089038.1.g16955, NC_089039.1.g17859, NC_089039.1.g17989, NC_089039.1.g18493, NC_089039.1.g19181, NC_089039.1.g19825, NC_089040.1.g22378, NC_089041.1.g23763, NC_089041.1.g26071, NC_089042.1.g28028, NC_089042.1.g28514, NC_089044.1.g33503, NC_089045.1.g34947, NC_089045.1.g35054	1
GJ	OG0003120	5	NC_089037.1.g10963, NC_089037.1.g10964, NC_089037.1.g10965, NC_089037.1.g10966, NC_089037.1.g10968	1
GJ	OG0032808	3	NC_089037.1.g11548, NC_089042.1.g28653, NC_089046.1.g38502	1
GJ	OG0034035	5	NC_089035.1.g2009, NC_089037.1.g12692, NC_089037.1.g12693, NC_089040.1.g22000, NC_089041.1.g26512	0
GJ	OG0034036	5	NC_089035.1.g2199, NC_089038.1.g15368, NC_089038.1.g16489, NC_089041.1.g24601, NC_089046.1.g38901	0
GJ	OG0034200	1	NC_089045.1.g35324	1
GJ	OG0034261	1	NC_089037.1.g10548	1
GJ	OG0035832	4	NC_089035.1.g650, NC_089037.1.g11475, NC_089039.1.g20191, NC_089040.1.g21210	0
GJ	OG0035836	4	NC_089035.1.g2135, NC_089040.1.g22976, NC_089044.1.g32474, NC_089044.1.g32527	0
GJ	OG0035970	2	NC_089035.1.g1538, NC_089038.1.g15305	1
GJ	OG0036118	1	NC_089040.1.g23354	1
GJ	OG0036202	1	NC_089037.1.g12135	1
GJ	OG0036274	2	NC_089038.1.g14639, NC_089040.1.g22981	1
GJ	OG0036338	2	NC_089038.1.g14095, NC_089039.1.g17397	1
GJ	OG0036379	1	NC_089039.1.g18978	1
GJ	OG0036796	2	NC_089035.1.g3230, NC_089045.1.g34684	1
GJ	OG0037941	3	NC_089035.1.g3168, NC_089036.1.g8645, NC_089042.1.g27595	0
GJ	OG0038287	1	NC_089035.1.g170	1
GJ	OG0038289	1	NC_089035.1.g271	1
GJ	OG0038290	1	NC_089035.1.g275	1
GJ	OG0038304	1	NC_089035.1.g1356	1
GJ	OG0038305	1	NC_089035.1.g1418	1
GJ	OG0038316	1	NC_089035.1.g1971	1
GJ	OG0038331	1	NC_089035.1.g2621	1
GJ	OG0038334	1	NC_089035.1.g2753	1
GJ	OG0038348	1	NC_089035.1.g3355	1
GJ	OG0038355	1	NC_089035.1.g4054	1
GJ	OG0038357	1	NC_089035.1.g4101	1
GJ	OG0038360	1	NC_089035.1.g4333	1
GJ	OG0038365	1	NC_089035.1.g4939	1
GJ	OG0038377	1	NC_089036.1.g6234	1
GJ	OG0038378	1	NC_089036.1.g6255	1
GJ	OG0038380	1	NC_089036.1.g6726	1
GJ	OG0038391	1	NC_089036.1.g7054	1
GJ	OG0038393	1	NC_089036.1.g7104	1
GJ	OG0038397	1	NC_089036.1.g7230	1
GJ	OG0038399	1	NC_089036.1.g7451	1
GJ	OG0038401	1	NC_089036.1.g7547	1
GJ	OG0038408	1	NC_089036.1.g8662	1
GJ	OG0038409	1	NC_089036.1.g8716	1
GJ	OG0038412	1	NC_089036.1.g8933	1
GJ	OG0038419	1	NC_089037.1.g9437	1
GJ	OG0038421	1	NC_089037.1.g9822	1
GJ	OG0038427	1	NC_089037.1.g10147	1
GJ	OG0038431	1	NC_089037.1.g10351	1
GJ	OG0038440	1	NC_089037.1.g10884	1
GJ	OG0038445	1	NC_089037.1.g11052	1
GJ	OG0038455	1	NC_089037.1.g11638	1
GJ	OG0038457	1	NC_089037.1.g11772	1
GJ	OG0038458	1	NC_089037.1.g11812	1
GJ	OG0038468	1	NC_089037.1.g12300	1
GJ	OG0038470	1	NC_089037.1.g12472	1
GJ	OG0038471	1	NC_089037.1.g12505	1
GJ	OG0038472	1	NC_089037.1.g12626	1
GJ	OG0038481	1	NC_089037.1.g13595	1
GJ	OG0038483	1	NC_089038.1.g13928	1
GJ	OG0038484	1	NC_089038.1.g14023	1
GJ	OG0038486	1	NC_089038.1.g14074	1
GJ	OG0038487	1	NC_089038.1.g14083	1
GJ	OG0038488	1	NC_089038.1.g14091	1
GJ	OG0038497	1	NC_089038.1.g14375	1
GJ	OG0038502	1	NC_089038.1.g14520	1
GJ	OG0038511	1	NC_089038.1.g14988	1
GJ	OG0038512	1	NC_089038.1.g15191	1
GJ	OG0038514	1	NC_089038.1.g15232	1
GJ	OG0038534	1	NC_089039.1.g17837	1
GJ	OG0038548	1	NC_089039.1.g18324	1
GJ	OG0038549	1	NC_089039.1.g18382	1
GJ	OG0038557	1	NC_089039.1.g18654	1
GJ	OG0038558	1	NC_089039.1.g18674	1
GJ	OG0038561	1	NC_089039.1.g18695	1
GJ	OG0038563	1	NC_089039.1.g18769	1
GJ	OG0038567	1	NC_089039.1.g19097	1
GJ	OG0038569	1	NC_089039.1.g19245	1
GJ	OG0038574	1	NC_089039.1.g19418	1
GJ	OG0038582	1	NC_089039.1.g20354	1
GJ	OG0038587	1	NC_089040.1.g20678	1
GJ	OG0038592	1	NC_089040.1.g21232	1
GJ	OG0038598	1	NC_089040.1.g21629	1
GJ	OG0038604	1	NC_089040.1.g21905	1
GJ	OG0038607	1	NC_089040.1.g22023	1
GJ	OG0038608	1	NC_089040.1.g22068	1
GJ	OG0038610	1	NC_089040.1.g22107	1
GJ	OG0038611	1	NC_089040.1.g22110	1
GJ	OG0038621	1	NC_089040.1.g22263	1
GJ	OG0038623	1	NC_089040.1.g22280	1
GJ	OG0038634	1	NC_089040.1.g22758	1
GJ	OG0038635	1	NC_089040.1.g22770	1
GJ	OG0038639	1	NC_089040.1.g23094	1
GJ	OG0038641	1	NC_089040.1.g23161	1
GJ	OG0038645	1	NC_089041.1.g23725	1
GJ	OG0038646	1	NC_089035.1.g908	1
GJ	OG0038649	1	NC_089041.1.g24027	1
GJ	OG0038651	1	NC_089041.1.g24039	1
GJ	OG0038657	1	NC_089041.1.g24334	1
GJ	OG0038659	1	NC_089041.1.g24554	1
GJ	OG0038661	1	NC_089041.1.g24672	1
GJ	OG0038671	1	NC_089041.1.g25052	1
GJ	OG0038672	1	NC_089041.1.g25061	1
GJ	OG0038681	1	NC_089041.1.g25393	1
GJ	OG0038693	1	NC_089041.1.g26144	1
GJ	OG0038698	1	NC_089041.1.g26634	1
GJ	OG0038699	1	NC_089036.1.g8932	1
GJ	OG0038705	1	NC_089042.1.g27070	1
GJ	OG0038706	1	NC_089042.1.g27159	1
GJ	OG0038715	1	NC_089042.1.g27742	1
GJ	OG0038729	1	NC_089042.1.g28203	1
GJ	OG0038730	1	NC_089042.1.g28242	1
GJ	OG0038732	1	NC_089042.1.g28259	1
GJ	OG0038733	1	NC_089040.1.g21678	1
GJ	OG0038740	1	NC_089042.1.g28659	1
GJ	OG0038743	1	NC_089042.1.g28777	1
GJ	OG0038746	1	NC_089043.1.g29601	1
GJ	OG0038749	1	NC_089043.1.g29623	1
GJ	OG0038751	1	NC_089043.1.g29659	1
GJ	OG0038754	1	NC_089043.1.g29882	1
GJ	OG0038755	1	NC_089043.1.g29901	1
GJ	OG0038756	1	NC_089043.1.g29902	1
GJ	OG0038767	1	NC_089043.1.g30234	1
GJ	OG0038775	1	NC_089043.1.g30685	1
GJ	OG0038778	1	NC_089043.1.g30743	1
GJ	OG0038785	1	NC_089043.1.g31151	1
GJ	OG0038799	1	NC_089044.1.g32012	1
GJ	OG0038829	1	NC_089044.1.g33960	1
GJ	OG0038831	1	NC_089045.1.g34040	1
GJ	OG0038832	1	NC_089045.1.g34081	1
GJ	OG0038834	1	NC_089045.1.g34424	1
GJ	OG0038839	1	NC_089045.1.g34757	1
GJ	OG0038843	1	NC_089045.1.g35207	1
GJ	OG0038846	1	NC_089045.1.g35348	1
GJ	OG0038853	1	NC_089045.1.g35552	1
GJ	OG0038865	1	NC_089045.1.g36237	1
GJ	OG0038866	1	NC_089045.1.g36388	1
GJ	OG0038872	1	NC_089045.1.g36694	1
GJ	OG0038874	1	NC_089046.1.g36848	1
GJ	OG0038877	1	NC_089046.1.g37142	1
GJ	OG0038878	1	NC_089046.1.g37250	1
GJ	OG0038888	1	NC_089046.1.g37486	1
GJ	OG0038889	1	NC_089046.1.g37590	1
GJ	OG0038890	1	NC_089046.1.g37591	1
GJ	OG0038895	1	NC_089046.1.g37723	1
GJ	OG0038896	1	NC_089046.1.g37733	1
GJ	OG0038898	1	NC_089046.1.g37747	1
GJ	OG0038904	1	NC_089046.1.g37952	1
GJ	OG0038905	1	NC_089046.1.g37973	1
GJ	OG0038914	1	NC_089046.1.g38105	1
GJ	OG0038915	1	NC_089046.1.g38111	1
GJ	OG0038921	1	NC_089046.1.g38544	1
GJ	OG0038922	1	NC_089046.1.g38568	1
GJ	OG0038926	1	NC_089046.1.g38986	1
GJ	OG0039879	2	NC_089036.1.g5957, NC_089045.1.g36534	0
GJ	OG0039891	2	NC_089036.1.g6816, NC_089039.1.g18721	0
GJ	OG0039948	2	NC_089037.1.g13633, NC_089042.1.g28475	0
GJ	OG0039952	2	NC_089038.1.g14215, NC_089038.1.g14218	0
GJ	OG0039972	2	NC_089038.1.g15053, NC_089044.1.g33023	0
GJ	OG0039994	2	NC_089039.1.g17509, NC_089046.1.g38465	0
GJ	OG0039998	2	NC_089039.1.g17862, NC_089040.1.g21207	0
GJ	OG0040022	2	NC_089039.1.g19413, NC_089045.1.g34122	0
GJ	OG0040067	2	NC_089041.1.g24829, NC_089046.1.g37728	0
GJ	OG0040107	2	NC_089042.1.g27772, NC_089042.1.g27775	0
GJ	OG0040129	2	NC_089043.1.g29538, NC_089043.1.g29541	0
IN	OG0000178	33	NC_089035.1.g1828, NC_089035.1.g1870, NC_089035.1.g2566, NC_089035.1.g2974, NC_089035.1.g3130, NC_089035.1.g3316, NC_089035.1.g5015, NC_089035.1.g61, NC_089036.1.g6607, NC_089036.1.g7784, NC_089036.1.g8326, NC_089037.1.g12188, NC_089037.1.g12391, NC_089037.1.g13586, NC_089037.1.g9839, NC_089038.1.g14009, NC_089038.1.g14447, NC_089038.1.g14480, NC_089038.1.g16306, NC_089038.1.g17143, NC_089039.1.g19574, NC_089039.1.g20012, NC_089040.1.g20694, NC_089040.1.g22481, NC_089040.1.g22968, NC_089040.1.g23059, NC_089041.1.g26880, NC_089042.1.g27589, NC_089042.1.g28218, NC_089043.1.g31378, NC_089043.1.g32118, NC_089044.1.g33974, NC_089046.1.g39210	0
IN	OG0000276	29	NC_089035.1.g1826, NC_089035.1.g1872, NC_089035.1.g1873, NC_089035.1.g3131, NC_089035.1.g5014, NC_089036.1.g7785, NC_089036.1.g9212, NC_089037.1.g12185, NC_089037.1.g12392, NC_089037.1.g13587, NC_089037.1.g9840, NC_089037.1.g9908, NC_089038.1.g14119, NC_089038.1.g14446, NC_089038.1.g14482, NC_089038.1.g16307, NC_089038.1.g16497, NC_089038.1.g17145, NC_089039.1.g17716, NC_089039.1.g19315, NC_089040.1.g20695, NC_089040.1.g22478, NC_089040.1.g22969, NC_089040.1.g23061, NC_089042.1.g28219, NC_089043.1.g30194, NC_089043.1.g31379, NC_089043.1.g32119, NC_089046.1.g39209	0
IN	OG0030471	7	NC_089035.1.g1378, NC_089035.1.g922, NC_089040.1.g21907, NC_089040.1.g21958, NC_089041.1.g25902, NC_089042.1.g28799, NC_089044.1.g34008	0
IN	OG0034084	1	NC_089045.1.g36060	1
IN	OG0035909	4	NC_089035.1.g1571, NC_089035.1.g840, NC_089037.1.g10695, NC_089038.1.g14374	0
IN	OG0035992	1	NC_089038.1.g15151	1
IN	OG0036273	1	NC_089041.1.g25821	1
IN	OG0036427	2	NC_089040.1.g21555, NC_089046.1.g37881	1
IN	OG0036598	1	NC_089042.1.g28294	1
IN	OG0036739	1	NC_089046.1.g38074	1
IN	OG0036841	2	NC_089042.1.g28909, NC_089045.1.g36055	1
IN	OG0038165	3	NC_089038.1.g14949, NC_089039.1.g17667, NC_089044.1.g33116	0
IN	OG0038166	3	NC_089038.1.g14971, NC_089038.1.g14976, NC_089038.1.g14979	0
IN	OG0038197	3	NC_089042.1.g27947, NC_089045.1.g35278, NC_089046.1.g39445	0
IN	OG0038313	1	NC_089035.1.g1723	1
IN	OG0038335	1	NC_089035.1.g2898	1
IN	OG0038358	1	NC_089035.1.g4311	1
IN	OG0038363	1	NC_089035.1.g4515	1
IN	OG0038369	1	NC_089036.1.g5624	1
IN	OG0038376	1	NC_089036.1.g6281	1
IN	OG0038396	1	NC_089036.1.g7215	1
IN	OG0038402	1	NC_089036.1.g7604	1
IN	OG0038474	1	NC_089037.1.g12939	1
IN	OG0038504	1	NC_089038.1.g14645	1
IN	OG0038505	1	NC_089038.1.g14717	1
IN	OG0038516	1	NC_089038.1.g15566	1
IN	OG0038518	1	NC_089038.1.g15947	1
IN	OG0038527	1	NC_089038.1.g16799	1
IN	OG0038531	1	NC_089039.1.g17843	1
IN	OG0038532	1	NC_089039.1.g17844	1
IN	OG0038578	1	NC_089039.1.g19907	1
IN	OG0038590	1	NC_089040.1.g21208	1
IN	OG0038600	1	NC_089040.1.g21879	1
IN	OG0038605	1	NC_089040.1.g22186	1
IN	OG0038606	1	NC_089040.1.g22193	1
IN	OG0038613	1	NC_089040.1.g22337	1
IN	OG0038617	1	NC_089040.1.g22441	1
IN	OG0038628	1	NC_089040.1.g22676	1
IN	OG0038633	1	NC_089040.1.g23006	1
IN	OG0038637	1	NC_089040.1.g23346	1
IN	OG0038648	1	NC_089041.1.g24220	1
IN	OG0038650	1	NC_089041.1.g24300	1
IN	OG0038655	1	NC_089041.1.g24537	1
IN	OG0038662	1	NC_089041.1.g25057	1
IN	OG0038670	1	NC_089041.1.g25270	1
IN	OG0038700	1	NC_089041.1.g26987	1
IN	OG0038710	1	NC_089037.1.g12333	1
IN	OG0038714	1	NC_089042.1.g28051	1
IN	OG0038720	1	NC_089042.1.g28292	1
IN	OG0038722	1	NC_089042.1.g28330	1
IN	OG0038747	1	NC_089043.1.g29977	1
IN	OG0038748	1	NC_089043.1.g29990	1
IN	OG0038760	1	NC_089043.1.g30395	1
IN	OG0038762	1	NC_089043.1.g30408	1
IN	OG0038763	1	NC_089043.1.g30411	1
IN	OG0038764	1	NC_089043.1.g30423	1
IN	OG0038770	1	NC_089043.1.g30747	1
IN	OG0038777	1	NC_089043.1.g31129	1
IN	OG0038780	1	NC_089043.1.g31253	1
IN	OG0038784	1	NC_089043.1.g31429	1
IN	OG0038789	1	NC_089043.1.g31937	1
IN	OG0038808	1	NC_089044.1.g32805	1
IN	OG0038811	1	NC_089044.1.g33176	1
IN	OG0038830	1	NC_089044.1.g34462	1
IN	OG0038842	1	NC_089045.1.g35502	1
IN	OG0038844	1	NC_089045.1.g35774	1
IN	OG0038854	1	NC_089045.1.g36132	1
IN	OG0038857	1	NC_089045.1.g36159	1
IN	OG0038859	1	NC_089045.1.g36316	1
IN	OG0038873	1	NC_089045.1.g37272	1
IN	OG0038880	1	NC_089046.1.g37885	1
IN	OG0038891	1	NC_089046.1.g38190	1
IN	OG0038892	1	NC_089046.1.g38230	1
IN	OG0038902	1	NC_089046.1.g38446	1
IN	OG0038906	1	NC_089046.1.g38558	1
IN	OG0038908	1	NC_089046.1.g38611	1
IN	OG0038919	1	NC_089046.1.g38863	1
IN	OG0038924	1	NC_089046.1.g39418	1
IN	OG0038927	1	NC_089035.1.g3318	1
IN	OG0040254	2	NC_089035.1.g2113, NC_089039.1.g18313	0
IN	OG0040265	2	NC_089035.1.g4123, NC_089043.1.g31121	0
IN	OG0040336	2	NC_089038.1.g16439, NC_089041.1.g24087	0
IN	OG0040359	2	NC_089039.1.g19644, NC_089041.1.g26391	0
IN	OG0040437	2	NC_089043.1.g29962, NC_089043.1.g31425	0
IN	OG0040451	2	NC_089044.1.g32361, NC_089044.1.g33505	0
IN	OG0040453	2	NC_089044.1.g32521, NC_089044.1.g34216	0
KM	OG0000510	24	NC_089035.1.g1766, NC_089035.1.g2313, NC_089035.1.g2619, NC_089035.1.g69, NC_089036.1.g7880, NC_089036.1.g8000, NC_089036.1.g8429, NC_089037.1.g14081, NC_089037.1.g9957, NC_089038.1.g14179, NC_089038.1.g14615, NC_089038.1.g14648, NC_089038.1.g16033, NC_089038.1.g16713, NC_089038.1.g16881, NC_089038.1.g17241, NC_089039.1.g19160, NC_089040.1.g20895, NC_089040.1.g23269, NC_089041.1.g27126, NC_089042.1.g28602, NC_089042.1.g28677, NC_089045.1.g36953, NC_089046.1.g39539	0
KM	OG0000511	24	NC_089035.1.g1765, NC_089035.1.g2314, NC_089035.1.g5072, NC_089036.1.g6599, NC_089036.1.g7881, NC_089037.1.g10026, NC_089037.1.g12731, NC_089037.1.g13561, NC_089037.1.g14082, NC_089037.1.g9958, NC_089038.1.g14614, NC_089038.1.g14649, NC_089038.1.g16710, NC_089038.1.g16711, NC_089038.1.g16880, NC_089038.1.g17239, NC_089039.1.g17930, NC_089039.1.g19161, NC_089039.1.g20159, NC_089040.1.g20896, NC_089040.1.g22074, NC_089040.1.g22793, NC_089040.1.g23271, NC_089043.1.g30605	0
KM	OG0000591	22	NC_089035.1.g1764, NC_089035.1.g3657, NC_089035.1.g5071, NC_089036.1.g5626, NC_089036.1.g6598, NC_089037.1.g10025, NC_089037.1.g12222, NC_089037.1.g12730, NC_089037.1.g13560, NC_089038.1.g14517, NC_089038.1.g14613, NC_089038.1.g14652, NC_089038.1.g16709, NC_089038.1.g16879, NC_089038.1.g16947, NC_089038.1.g17238, NC_089039.1.g18154, NC_089039.1.g18815, NC_089040.1.g22326, NC_089042.1.g29120, NC_089043.1.g30604, NC_089045.1.g36839	0
KM	OG0002798	12	NC_089036.1.g7084, NC_089036.1.g8292, NC_089036.1.g9334, NC_089038.1.g14526, NC_089039.1.g18717, NC_089039.1.g20367, NC_089040.1.g23169, NC_089041.1.g26606, NC_089041.1.g27040, NC_089042.1.g28625, NC_089045.1.g35686, NC_089045.1.g37340	0
KM	OG0003360	10	NC_089038.1.g14770, NC_089038.1.g14889, NC_089039.1.g18664, NC_089041.1.g25357, NC_089042.1.g28347, NC_089043.1.g30385, NC_089044.1.g33469, NC_089045.1.g36010, NC_089045.1.g36132, NC_089046.1.g38684	0
KM	OG0003361	10	NC_089039.1.g18468, NC_089039.1.g18470, NC_089039.1.g18471, NC_089044.1.g32837, NC_089044.1.g32887, NC_089044.1.g32888, NC_089044.1.g32922, NC_089044.1.g32924, NC_089044.1.g32926, NC_089044.1.g32977	0
KM	OG0005327	2	NC_089039.1.g18574, NC_089046.1.g39456	1
KM	OG0020340	7	NC_089035.1.g3436, NC_089037.1.g9917, NC_089038.1.g14393, NC_089041.1.g24503, NC_089041.1.g25647, NC_089043.1.g30448, NC_089044.1.g33562	1
KM	OG0032511	2	NC_089040.1.g23466, NC_089045.1.g35220	1
KM	OG0033062	4	NC_089035.1.g1525, NC_089035.1.g40, NC_089038.1.g14855, NC_089042.1.g27692	1
KM	OG0034069	5	NC_089038.1.g14609, NC_089039.1.g20576, NC_089042.1.g29373, NC_089042.1.g30157, NC_089045.1.g36469	0
KM	OG0035932	4	NC_089035.1.g180, NC_089043.1.g30853, NC_089043.1.g30861, NC_089046.1.g38152	0
KM	OG0035936	4	NC_089041.1.g24551, NC_089041.1.g24557, NC_089041.1.g24563, NC_089041.1.g24568	0
KM	OG0035996	1	NC_089042.1.g28135	1
KM	OG0036357	2	NC_089036.1.g6801, NC_089039.1.g18622	1
KM	OG0036447	1	NC_089044.1.g32809	1
KM	OG0038242	3	NC_089035.1.g966, NC_089037.1.g12427, NC_089045.1.g36268	0
KM	OG0038246	3	NC_089037.1.g12436, NC_089039.1.g19077, NC_089046.1.g39708	0
KM	OG0038251	3	NC_089038.1.g15019, NC_089038.1.g15022, NC_089045.1.g36119	0
KM	OG0038288	1	NC_089035.1.g217	1
KM	OG0038292	1	NC_089035.1.g473	1
KM	OG0038294	1	NC_089035.1.g833	1
KM	OG0038298	1	NC_089035.1.g1041	1
KM	OG0038299	1	NC_089035.1.g1047	1
KM	OG0038300	1	NC_089035.1.g1065	1
KM	OG0038306	1	NC_089035.1.g1590	1
KM	OG0038310	1	NC_089035.1.g1697	1
KM	OG0038312	1	NC_089035.1.g1722	1
KM	OG0038314	1	NC_089035.1.g1772	1
KM	OG0038317	1	NC_089035.1.g2066	1
KM	OG0038318	1	NC_089035.1.g2099	1
KM	OG0038320	1	NC_089035.1.g2213	1
KM	OG0038321	1	NC_089035.1.g2228	1
KM	OG0038323	1	NC_089035.1.g2357	1
KM	OG0038326	1	NC_089035.1.g2477	1
KM	OG0038327	1	NC_089035.1.g2480	1
KM	OG0038328	1	NC_089035.1.g2552	1
KM	OG0038333	1	NC_089035.1.g2813	1
KM	OG0038339	1	NC_089035.1.g3242	1
KM	OG0038340	1	NC_089035.1.g3272	1
KM	OG0038341	1	NC_089035.1.g3286	1
KM	OG0038342	1	NC_089035.1.g3323	1
KM	OG0038343	1	NC_089035.1.g3347	1
KM	OG0038344	1	NC_089035.1.g3358	1
KM	OG0038346	1	NC_089035.1.g3416	1
KM	OG0038347	1	NC_089035.1.g3431	1
KM	OG0038349	1	NC_089035.1.g3488	1
KM	OG0038351	1	NC_089035.1.g3557	1
KM	OG0038353	1	NC_089035.1.g3774	1
KM	OG0038356	1	NC_089035.1.g4192	1
KM	OG0038361	1	NC_089035.1.g4496	1
KM	OG0038364	1	NC_089035.1.g4920	1
KM	OG0038366	1	NC_089035.1.g5103	1
KM	OG0038367	1	NC_089035.1.g5266	1
KM	OG0038371	1	NC_089036.1.g6111	1
KM	OG0038372	1	NC_089036.1.g6118	1
KM	OG0038373	1	NC_089036.1.g6260	1
KM	OG0038375	1	NC_089036.1.g6348	1
KM	OG0038379	1	NC_089036.1.g6655	1
KM	OG0038381	1	NC_089036.1.g6899	1
KM	OG0038385	1	NC_089036.1.g6940	1
KM	OG0038386	1	NC_089036.1.g6946	1
KM	OG0038387	1	NC_089036.1.g7032	1
KM	OG0038388	1	NC_089036.1.g7045	1
KM	OG0038389	1	NC_089036.1.g7060	1
KM	OG0038390	1	NC_089036.1.g7180	1
KM	OG0038394	1	NC_089036.1.g7282	1
KM	OG0038395	1	NC_089036.1.g7283	1
KM	OG0038398	1	NC_089036.1.g7466	1
KM	OG0038400	1	NC_089036.1.g7625	1
KM	OG0038403	1	NC_089036.1.g8191	1
KM	OG0038404	1	NC_089036.1.g8234	1
KM	OG0038405	1	NC_089036.1.g8620	1
KM	OG0038407	1	NC_089036.1.g8790	1
KM	OG0038410	1	NC_089036.1.g8980	1
KM	OG0038413	1	NC_089036.1.g9101	1
KM	OG0038415	1	NC_089036.1.g9259	1
KM	OG0038418	1	NC_089036.1.g9503	1
KM	OG0038425	1	NC_089037.1.g10282	1
KM	OG0038426	1	NC_089037.1.g10325	1
KM	OG0038428	1	NC_089037.1.g10394	1
KM	OG0038430	1	NC_089037.1.g10519	1
KM	OG0038434	1	NC_089037.1.g10662	1
KM	OG0038435	1	NC_089037.1.g10681	1
KM	OG0038436	1	NC_089046.1.g38993	1
KM	OG0038442	1	NC_089037.1.g11186	1
KM	OG0038443	1	NC_089037.1.g11216	1
KM	OG0038444	1	NC_089037.1.g11217	1
KM	OG0038446	1	NC_089037.1.g11236	1
KM	OG0038447	1	NC_089037.1.g11257	1
KM	OG0038449	1	NC_089037.1.g11601	1
KM	OG0038450	1	NC_089037.1.g11648	1
KM	OG0038451	1	NC_089037.1.g11665	1
KM	OG0038452	1	NC_089037.1.g11685	1
KM	OG0038454	1	NC_089037.1.g11733	1
KM	OG0038464	1	NC_089037.1.g12365	1
KM	OG0038467	1	NC_089037.1.g12457	1
KM	OG0038469	1	NC_089037.1.g12562	1
KM	OG0038477	1	NC_089037.1.g13519	1
KM	OG0038480	1	NC_089037.1.g13784	1
KM	OG0038491	1	NC_089038.1.g14355	1
KM	OG0038496	1	NC_089038.1.g14532	1
KM	OG0038500	1	NC_089038.1.g14718	1
KM	OG0038503	1	NC_089038.1.g14778	1
KM	OG0038506	1	NC_089038.1.g14985	1
KM	OG0038507	1	NC_089038.1.g15084	1
KM	OG0038508	1	NC_089038.1.g15115	1
KM	OG0038509	1	NC_089038.1.g15125	1
KM	OG0038520	1	NC_089038.1.g16481	1
KM	OG0038521	1	NC_089038.1.g16482	1
KM	OG0038523	1	NC_089038.1.g16722	1
KM	OG0038526	1	NC_089038.1.g16838	1
KM	OG0038528	1	NC_089039.1.g17756	1
KM	OG0038529	1	NC_089039.1.g17916	1
KM	OG0038533	1	NC_089039.1.g18063	1
KM	OG0038536	1	NC_089039.1.g18213	1
KM	OG0038537	1	NC_089039.1.g18214	1
KM	OG0038544	1	NC_089039.1.g18552	1
KM	OG0038546	1	NC_089039.1.g18567	1
KM	OG0038550	1	NC_089039.1.g18795	1
KM	OG0038551	1	NC_089039.1.g18853	1
KM	OG0038552	1	NC_089039.1.g18859	1
KM	OG0038565	1	NC_089039.1.g19138	1
KM	OG0038566	1	NC_089039.1.g19371	1
KM	OG0038568	1	NC_089038.1.g14683	1
KM	OG0038572	1	NC_089039.1.g19726	1
KM	OG0038573	1	NC_089039.1.g19748	1
KM	OG0038575	1	NC_089039.1.g19910	1
KM	OG0038576	1	NC_089039.1.g19964	1
KM	OG0038577	1	NC_089039.1.g20031	1
KM	OG0038579	1	NC_089039.1.g20271	1
KM	OG0038580	1	NC_089039.1.g20339	1
KM	OG0038583	1	NC_089039.1.g20707	1
KM	OG0038584	1	NC_089039.1.g20769	1
KM	OG0038596	1	NC_089040.1.g21866	1
KM	OG0038603	1	NC_089040.1.g22262	1
KM	OG0038614	1	NC_089040.1.g22551	1
KM	OG0038616	1	NC_089040.1.g22586	1
KM	OG0038618	1	NC_089040.1.g22649	1
KM	OG0038624	1	NC_089040.1.g22749	1
KM	OG0038626	1	NC_089040.1.g22799	1
KM	OG0038636	1	NC_089040.1.g23453	1
KM	OG0038644	1	NC_089040.1.g24124	1
KM	OG0038652	1	NC_089041.1.g24541	1
KM	OG0038654	1	NC_089041.1.g24722	1
KM	OG0038656	1	NC_089041.1.g24762	1
KM	OG0038660	1	NC_089041.1.g25121	1
KM	OG0038665	1	NC_089041.1.g25360	1
KM	OG0038666	1	NC_089041.1.g25366	1
KM	OG0038673	1	NC_089041.1.g25603	1
KM	OG0038675	1	NC_089041.1.g25648	1
KM	OG0038676	1	NC_089041.1.g25649	1
KM	OG0038677	1	NC_089041.1.g25742	1
KM	OG0038679	1	NC_089041.1.g25842	1
KM	OG0038680	1	NC_089041.1.g25891	1
KM	OG0038684	1	NC_089041.1.g26034	1
KM	OG0038690	1	NC_089041.1.g26479	1
KM	OG0038692	1	NC_089041.1.g26659	1
KM	OG0038694	1	NC_089041.1.g26742	1
KM	OG0038701	1	NC_089041.1.g27253	1
KM	OG0038702	1	NC_089041.1.g27311	1
KM	OG0038703	1	NC_089041.1.g27333	1
KM	OG0038707	1	NC_089042.1.g27817	1
KM	OG0038708	1	NC_089042.1.g28002	1
KM	OG0038711	1	NC_089042.1.g28136	1
KM	OG0038712	1	NC_089042.1.g28172	1
KM	OG0038713	1	NC_089042.1.g28206	1
KM	OG0038724	1	NC_089042.1.g28616	1
KM	OG0038727	1	NC_089042.1.g28719	1
KM	OG0038734	1	NC_089042.1.g28904	1
KM	OG0038737	1	NC_089042.1.g28983	1
KM	OG0038739	1	NC_089042.1.g29184	1
KM	OG0038741	1	NC_089042.1.g29333	1
KM	OG0038745	1	NC_089043.1.g30249	1
KM	OG0038750	1	NC_089043.1.g30289	1
KM	OG0038752	1	NC_089043.1.g30332	1
KM	OG0038753	1	NC_089043.1.g30369	1
KM	OG0038757	1	NC_089043.1.g30563	1
KM	OG0038758	1	NC_089043.1.g30581	1
KM	OG0038768	1	NC_089043.1.g30926	1
KM	OG0038779	1	NC_089043.1.g31483	1
KM	OG0038786	1	NC_089043.1.g31888	1
KM	OG0038787	1	NC_089043.1.g31908	1
KM	OG0038792	1	NC_089044.1.g32574	1
KM	OG0038794	1	NC_089044.1.g32614	1
KM	OG0038797	1	NC_089044.1.g32707	1
KM	OG0038798	1	NC_089044.1.g32717	1
KM	OG0038800	1	NC_089044.1.g32723	1
KM	OG0038805	1	NC_089044.1.g32937	1
KM	OG0038806	1	NC_089044.1.g32988	1
KM	OG0038812	1	NC_089044.1.g33490	1
KM	OG0038813	1	NC_089044.1.g33529	1
KM	OG0038814	1	NC_089044.1.g33535	1
KM	OG0038815	1	NC_089044.1.g33575	1
KM	OG0038817	1	NC_089044.1.g33674	1
KM	OG0038818	1	NC_089044.1.g33738	1
KM	OG0038819	1	NC_089044.1.g33739	1
KM	OG0038820	1	NC_089044.1.g33770	1
KM	OG0038821	1	NC_089044.1.g33787	1
KM	OG0038822	1	NC_089044.1.g33812	1
KM	OG0038823	1	NC_089044.1.g33848	1
KM	OG0038825	1	NC_089044.1.g33901	1
KM	OG0038826	1	NC_089044.1.g34036	1
KM	OG0038827	1	NC_089044.1.g34522	1
KM	OG0038828	1	NC_089044.1.g34723	1
KM	OG0038833	1	NC_089045.1.g34943	1
KM	OG0038835	1	NC_089045.1.g35308	1
KM	OG0038836	1	NC_089045.1.g35309	1
KM	OG0038837	1	NC_089045.1.g35446	1
KM	OG0038845	1	NC_089045.1.g36121	1
KM	OG0038847	1	NC_089045.1.g36155	1
KM	OG0038848	1	NC_089045.1.g36174	1
KM	OG0038849	1	NC_089045.1.g36175	1
KM	OG0038850	1	NC_089045.1.g36214	1
KM	OG0038851	1	NC_089045.1.g36251	1
KM	OG0038856	1	NC_089045.1.g36485	1
KM	OG0038861	1	NC_089045.1.g36830	1
KM	OG0038864	1	NC_089045.1.g37068	1
KM	OG0038870	1	NC_089045.1.g37421	1
KM	OG0038875	1	NC_089046.1.g37850	1
KM	OG0038879	1	NC_089046.1.g38204	1
KM	OG0038881	1	NC_089046.1.g38258	1
KM	OG0038883	1	NC_089046.1.g38319	1
KM	OG0038884	1	NC_089046.1.g38320	1
KM	OG0038885	1	NC_089046.1.g38326	1
KM	OG0038886	1	NC_089046.1.g38336	1
KM	OG0038897	1	NC_089046.1.g38655	1
KM	OG0038899	1	NC_089046.1.g38698	1
KM	OG0038901	1	NC_089046.1.g38734	1
KM	OG0038909	1	NC_089046.1.g38948	1
KM	OG0038911	1	NC_089046.1.g38968	1
KM	OG0038916	1	NC_089046.1.g39060	1
KM	OG0038917	1	NC_089046.1.g39117	1
KM	OG0038920	1	NC_089046.1.g39290	1
KM	OG0038923	1	NC_089046.1.g39597	1
KM	OG0040524	2	NC_089035.1.g913, NC_089043.1.g30806	0
KM	OG0040528	2	NC_089035.1.g3564, NC_089036.1.g7660	0
KM	OG0040531	2	NC_089036.1.g5955, NC_089041.1.g26156	0
KM	OG0040533	2	NC_089036.1.g6126, NC_089037.1.g12300	0
KM	OG0040544	2	NC_089037.1.g12237, NC_089044.1.g34022	0
KM	OG0040549	2	NC_089037.1.g13967, NC_089045.1.g36402	0
KM	OG0040556	2	NC_089038.1.g16525, NC_089041.1.g26745	0
KM	OG0040563	2	NC_089039.1.g20469, NC_089039.1.g20482	0
KM	OG0040564	2	NC_089040.1.g21161, NC_089040.1.g21163	0
KM	OG0040565	2	NC_089040.1.g21580, NC_089042.1.g29095	0
KM	OG0040567	2	NC_089040.1.g22157, NC_089045.1.g37339	0
KM	OG0040588	2	NC_089044.1.g33307, NC_089044.1.g33993	0
MPE	OG0000149	37	NC_089035.1.g1705, NC_089035.1.g2261, NC_089035.1.g2572, NC_089035.1.g2963, NC_089035.1.g3118, NC_089035.1.g3307, NC_089035.1.g4987, NC_089035.1.g65, NC_089035.1.g668, NC_089036.1.g8156, NC_089036.1.g8792, NC_089037.1.g11293, NC_089037.1.g12352, NC_089037.1.g13916, NC_089037.1.g9828, NC_089037.1.g9898, NC_089038.1.g14016, NC_089038.1.g14449, NC_089038.1.g14481, NC_089038.1.g14917, NC_089038.1.g15013, NC_089038.1.g15855, NC_089038.1.g16308, NC_089038.1.g17131, NC_089040.1.g20623, NC_089040.1.g22365, NC_089040.1.g22854, NC_089040.1.g22937, NC_089041.1.g26497, NC_089042.1.g27457, NC_089042.1.g29408, NC_089042.1.g29528, NC_089043.1.g31184, NC_089043.1.g31905, NC_089044.1.g32467, NC_089045.1.g35162, NC_089046.1.g38880	0
MPE	OG0000362	19	NC_089035.1.g1703, NC_089035.1.g4985, NC_089036.1.g5788, NC_089036.1.g8157, NC_089037.1.g9896, NC_089038.1.g14447, NC_089039.1.g17707, NC_089039.1.g17937, NC_089039.1.g18068, NC_089040.1.g21833, NC_089040.1.g22361, NC_089042.1.g28939, NC_089043.1.g30018, NC_089043.1.g30225, NC_089043.1.g30813, NC_089044.1.g33711, NC_089045.1.g35164, NC_089045.1.g35270, NC_089046.1.g38878	1
MPE	OG0002605	13	NC_089035.1.g1222, NC_089035.1.g3310, NC_089036.1.g6329, NC_089036.1.g9355, NC_089037.1.g11782, NC_089038.1.g14775, NC_089039.1.g17971, NC_089041.1.g24330, NC_089041.1.g26609, NC_089042.1.g27306, NC_089043.1.g30174, NC_089043.1.g31442, NC_089045.1.g35903	0
MPE	OG0003040	11	NC_089039.1.g18251, NC_089039.1.g18252, NC_089039.1.g18253, NC_089039.1.g18254, NC_089044.1.g32311, NC_089044.1.g32356, NC_089044.1.g32357, NC_089044.1.g32392, NC_089044.1.g32393, NC_089044.1.g32439, NC_089044.1.g32440	0
MPE	OG0032139	6	NC_089036.1.g7478, NC_089036.1.g7481, NC_089036.1.g7484, NC_089036.1.g7487, NC_089036.1.g7491, NC_089036.1.g7495	0
MPE	OG0032195	1	NC_089040.1.g23042	1
MPE	OG0034073	5	NC_089045.1.g36966, NC_089046.1.g38677, NC_089046.1.g38853, NC_089046.1.g38856, NC_089046.1.g38857	0
MPE	OG0034251	2	NC_089037.1.g9472, NC_089046.1.g39355	1
MPE	OG0035950	1	NC_089035.1.g737	1
MPE	OG0036340	1	NC_089045.1.g36510	1
MPE	OG0036540	1	NC_089041.1.g25660	1
MPE	OG0036760	2	NC_089036.1.g8539, NC_089044.1.g33722	1
MPE	OG0036861	2	NC_089041.1.g26832, NC_089045.1.g36540	1
MPE	OG0036869	2	NC_089045.1.g36854, NC_089045.1.g36869	1
MPE	OG0038279	3	NC_089038.1.g16414, NC_089040.1.g21148, NC_089044.1.g32232	0
MPE	OG0038280	3	NC_089040.1.g22278, NC_089045.1.g35635, NC_089046.1.g38150	0
MPE	OG0038282	3	NC_089041.1.g26659, NC_089042.1.g28252, NC_089045.1.g36576	0
MPE	OG0038302	1	NC_089035.1.g1300	1
MPE	OG0038324	1	NC_089035.1.g2337	1
MPE	OG0038336	1	NC_089035.1.g2893	1
MPE	OG0038337	1	NC_089035.1.g2915	1
MPE	OG0038362	1	NC_089035.1.g4438	1
MPE	OG0038368	1	NC_089035.1.g5173	1
MPE	OG0038370	1	NC_089036.1.g5593	1
MPE	OG0038420	1	NC_089037.1.g9799	1
MPE	OG0038429	1	NC_089037.1.g10329	1
MPE	OG0038437	1	NC_089037.1.g10632	1
MPE	OG0038462	1	NC_089037.1.g12116	1
MPE	OG0038463	1	NC_089037.1.g12132	1
MPE	OG0038475	1	NC_089037.1.g13083	1
MPE	OG0038493	1	NC_089038.1.g14260	1
MPE	OG0038501	1	NC_089038.1.g14578	1
MPE	OG0038513	1	NC_089037.1.g11591	1
MPE	OG0038517	1	NC_089038.1.g15700	1
MPE	OG0038522	1	NC_089038.1.g16406	1
MPE	OG0038538	1	NC_089039.1.g18006	1
MPE	OG0038542	1	NC_089039.1.g18178	1
MPE	OG0038545	1	NC_089039.1.g18352	1
MPE	OG0038547	1	NC_089039.1.g18408	1
MPE	OG0038559	1	NC_089039.1.g18772	1
MPE	OG0038597	1	NC_089040.1.g21687	1
MPE	OG0038615	1	NC_089040.1.g22275	1
MPE	OG0038622	1	NC_089040.1.g22406	1
MPE	OG0038629	1	NC_089040.1.g22624	1
MPE	OG0038631	1	NC_089040.1.g22704	1
MPE	OG0038664	1	NC_089041.1.g24953	1
MPE	OG0038683	1	NC_089041.1.g25661	1
MPE	OG0038686	1	NC_089041.1.g25880	1
MPE	OG0038687	1	NC_089041.1.g25899	1
MPE	OG0038696	1	NC_089041.1.g26718	1
MPE	OG0038697	1	NC_089041.1.g26742	1
MPE	OG0038769	1	NC_089043.1.g30484	1
MPE	OG0038771	1	NC_089043.1.g30711	1
MPE	OG0038776	1	NC_089043.1.g30899	1
MPE	OG0038782	1	NC_089043.1.g31213	1
MPE	OG0038783	1	NC_089043.1.g31219	1
MPE	OG0038793	1	NC_089044.1.g32073	1
MPE	OG0038795	1	NC_089044.1.g32079	1
MPE	OG0038810	1	NC_089044.1.g32844	1
MPE	OG0038841	1	NC_089045.1.g35189	1
MPE	OG0038867	1	NC_089045.1.g36641	1
MPE	OG0038869	1	NC_089045.1.g36793	1
MPE	OG0038871	1	NC_089045.1.g36835	1
MPE	OG0038900	1	NC_089046.1.g38084	1
MPE	OG0038903	1	NC_089046.1.g38164	1
MPE	OG0038918	1	NC_089046.1.g38513	1
MPE	OG0040618	2	NC_089035.1.g1733, NC_089038.1.g16124	0
MPE	OG0040625	2	NC_089035.1.g3233, NC_089043.1.g30591	0
MPE	OG0040627	2	NC_089035.1.g3335, NC_089046.1.g38350	0
MPE	OG0040630	2	NC_089035.1.g5232, NC_089046.1.g39286	0
MPE	OG0040635	2	NC_089036.1.g7907, NC_089046.1.g37821	0
MPE	OG0040637	2	NC_089036.1.g8124, NC_089045.1.g36822	0
MPE	OG0040647	2	NC_089037.1.g12000, NC_089043.1.g30261	0
MPE	OG0040665	2	NC_089038.1.g15078, NC_089046.1.g37631	0
MPE	OG0040670	2	NC_089039.1.g17941, NC_089044.1.g33566	0
MPE	OG0040672	2	NC_089039.1.g18274, NC_089039.1.g18275	0
MPE	OG0040674	2	NC_089039.1.g20253, NC_089042.1.g28588	0
MPE	OG0040687	2	NC_089041.1.g26128, NC_089046.1.g37597	0
PP	OG0000353	25	NC_089035.1.g4993, NC_089036.1.g5966, NC_089036.1.g6935, NC_089037.1.g13634, NC_089037.1.g9866, NC_089038.1.g14179, NC_089038.1.g14510, NC_089038.1.g14542, NC_089038.1.g15869, NC_089038.1.g17022, NC_089038.1.g17156, NC_089039.1.g18383, NC_089039.1.g19915, NC_089040.1.g20650, NC_089040.1.g22982, NC_089041.1.g25732, NC_089041.1.g26586, NC_089042.1.g28384, NC_089042.1.g28827, NC_089042.1.g29661, NC_089043.1.g30192, NC_089043.1.g30390, NC_089043.1.g30583, NC_089043.1.g32161, NC_089046.1.g39105	0
PP	OG0000518	22	NC_089035.1.g3208, NC_089035.1.g3595, NC_089035.1.g4330, NC_089035.1.g4992, NC_089036.1.g5531, NC_089036.1.g5967, NC_089036.1.g6933, NC_089037.1.g12130, NC_089038.1.g14406, NC_089038.1.g14509, NC_089039.1.g17729, NC_089039.1.g17962, NC_089039.1.g18621, NC_089040.1.g21872, NC_089040.1.g22054, NC_089041.1.g25731, NC_089041.1.g26311, NC_089042.1.g28383, NC_089043.1.g30191, NC_089043.1.g30389, NC_089043.1.g30582, NC_089046.1.g39104	1
PP	OG0000744	10	NC_089037.1.g10504, NC_089037.1.g10620, NC_089037.1.g11990, NC_089039.1.g18807, NC_089040.1.g22201, NC_089040.1.g22527, NC_089042.1.g28697, NC_089043.1.g30418, NC_089044.1.g32664, NC_089045.1.g35202	1
PP	OG0032141	6	NC_089042.1.g29567, NC_089042.1.g29568, NC_089042.1.g29570, NC_089042.1.g29572, NC_089042.1.g29574, NC_089042.1.g29575	0
PP	OG0033025	4	NC_089039.1.g20065, NC_089045.1.g36599, NC_089045.1.g36799, NC_089045.1.g37047	1
PP	OG0034310	2	NC_089037.1.g12674, NC_089038.1.g15287	1
PP	OG0034508	2	NC_089040.1.g21911, NC_089042.1.g27541	1
PP	OG0034905	2	NC_011033.1.g39677, NC_011033.1.g39680	1
PP	OG0035939	4	NC_089037.1.g12546, NC_089040.1.g22984, NC_089041.1.g24902, NC_089042.1.g28199	0
PP	OG0036102	1	NC_089045.1.g36719	1
PP	OG0036433	2	NC_089036.1.g7235, NC_089040.1.g21800	1
PP	OG0036846	2	NC_089036.1.g6841, NC_089045.1.g36169	1
PP	OG0038286	1	NC_089035.1.g117	1
PP	OG0038295	1	NC_089035.1.g855	1
PP	OG0038301	1	NC_089040.1.g22429	1
PP	OG0038307	1	NC_089036.1.g8688	1
PP	OG0038329	1	NC_089035.1.g2531	1
PP	OG0038330	1	NC_089035.1.g2536	1
PP	OG0038422	1	NC_089037.1.g9993	1
PP	OG0038423	1	NC_089037.1.g9994	1
PP	OG0038424	1	NC_089037.1.g10119	1
PP	OG0038432	1	NC_089037.1.g10530	1
PP	OG0038433	1	NC_089037.1.g10560	1
PP	OG0038438	1	NC_089037.1.g10790	1
PP	OG0038439	1	NC_089037.1.g10949	1
PP	OG0038479	1	NC_089037.1.g13542	1
PP	OG0038490	1	NC_089038.1.g14245	1
PP	OG0038495	1	NC_089038.1.g14409	1
PP	OG0038498	1	NC_089038.1.g14534	1
PP	OG0038499	1	NC_089038.1.g14589	1
PP	OG0038519	1	NC_089038.1.g16212	1
PP	OG0038540	1	NC_089039.1.g18133	1
PP	OG0038543	1	NC_089039.1.g18332	1
PP	OG0038556	1	NC_089039.1.g18714	1
PP	OG0038570	1	NC_089039.1.g19418	1
PP	OG0038581	1	NC_089039.1.g20406	1
PP	OG0038588	1	NC_089040.1.g20970	1
PP	OG0038589	1	NC_089040.1.g21111	1
PP	OG0038591	1	NC_089040.1.g21292	1
PP	OG0038594	1	NC_089040.1.g21502	1
PP	OG0038602	1	NC_089040.1.g21910	1
PP	OG0038609	1	NC_089041.1.g25377	1
PP	OG0038619	1	NC_089040.1.g22415	1
PP	OG0038638	1	NC_089040.1.g23273	1
PP	OG0038667	1	NC_089041.1.g25078	1
PP	OG0038674	1	NC_089041.1.g25345	1
PP	OG0038685	1	NC_089041.1.g25936	1
PP	OG0038688	1	NC_089041.1.g26038	1
PP	OG0038691	1	NC_089041.1.g26352	1
PP	OG0038709	1	NC_089042.1.g27713	1
PP	OG0038716	1	NC_089042.1.g28020	1
PP	OG0038719	1	NC_089036.1.g7474	1
PP	OG0038735	1	NC_089042.1.g28701	1
PP	OG0038736	1	NC_089042.1.g28702	1
PP	OG0038772	1	NC_089043.1.g30900	1
PP	OG0038781	1	NC_089043.1.g31375	1
PP	OG0038816	1	NC_089044.1.g33259	1
PP	OG0038824	1	NC_089044.1.g33523	1
PP	OG0038840	1	NC_089045.1.g35309	1
PP	OG0038855	1	NC_089045.1.g36103	1
PP	OG0038858	1	NC_089045.1.g36138	1
PP	OG0038862	1	NC_089045.1.g36485	1
PP	OG0038868	1	NC_089045.1.g36931	1
PP	OG0038907	1	NC_089046.1.g38493	1
PP	OG0038910	1	NC_089046.1.g38504	1
PP	OG0040732	2	NC_089035.1.g2037, NC_089043.1.g30202	0
PP	OG0040733	2	NC_089036.1.g7352, NC_089038.1.g15437	0
PP	OG0040734	2	NC_089037.1.g11631, NC_089040.1.g22935	0
PP	OG0040735	2	NC_089041.1.g24070, NC_089041.1.g24082	0
PP	OG0040736	2	NC_089042.1.g27677, NC_089042.1.g27890	0
