Orthogroup	AGIS1.0	BSM	CI	GJ	IN	KM	MPE	PP	cultivar_occupancy	reference_present	private_cultivar
OG0000149							NC_089035.1.g1705, NC_089035.1.g2261, NC_089035.1.g2572, NC_089035.1.g2963, NC_089035.1.g3118, NC_089035.1.g3307, NC_089035.1.g4987, NC_089035.1.g65, NC_089035.1.g668, NC_089036.1.g8156, NC_089036.1.g8792, NC_089037.1.g11293, NC_089037.1.g12352, NC_089037.1.g13916, NC_089037.1.g9828, NC_089037.1.g9898, NC_089038.1.g14016, NC_089038.1.g14449, NC_089038.1.g14481, NC_089038.1.g14917, NC_089038.1.g15013, NC_089038.1.g15855, NC_089038.1.g16308, NC_089038.1.g17131, NC_089040.1.g20623, NC_089040.1.g22365, NC_089040.1.g22854, NC_089040.1.g22937, NC_089041.1.g26497, NC_089042.1.g27457, NC_089042.1.g29408, NC_089042.1.g29528, NC_089043.1.g31184, NC_089043.1.g31905, NC_089044.1.g32467, NC_089045.1.g35162, NC_089046.1.g38880		1	0	MPE
OG0000178					NC_089035.1.g1828, NC_089035.1.g1870, NC_089035.1.g2566, NC_089035.1.g2974, NC_089035.1.g3130, NC_089035.1.g3316, NC_089035.1.g5015, NC_089035.1.g61, NC_089036.1.g6607, NC_089036.1.g7784, NC_089036.1.g8326, NC_089037.1.g12188, NC_089037.1.g12391, NC_089037.1.g13586, NC_089037.1.g9839, NC_089038.1.g14009, NC_089038.1.g14447, NC_089038.1.g14480, NC_089038.1.g16306, NC_089038.1.g17143, NC_089039.1.g19574, NC_089039.1.g20012, NC_089040.1.g20694, NC_089040.1.g22481, NC_089040.1.g22968, NC_089040.1.g23059, NC_089041.1.g26880, NC_089042.1.g27589, NC_089042.1.g28218, NC_089043.1.g31378, NC_089043.1.g32118, NC_089044.1.g33974, NC_089046.1.g39210				1	0	IN
OG0000265			NC_089035.1.g2576, NC_089035.1.g2977, NC_089035.1.g3135, NC_089035.1.g65, NC_089036.1.g5964, NC_089036.1.g8141, NC_089036.1.g8777, NC_089037.1.g13591, NC_089037.1.g9831, NC_089038.1.g14020, NC_089038.1.g14446, NC_089038.1.g14476, NC_089038.1.g15498, NC_089038.1.g16182, NC_089038.1.g16488, NC_089038.1.g16655, NC_089039.1.g18471, NC_089039.1.g18890, NC_089039.1.g19475, NC_089039.1.g19839, NC_089039.1.g19926, NC_089040.1.g20631, NC_089040.1.g22540, NC_089041.1.g24581, NC_089042.1.g27490, NC_089042.1.g29603, NC_089043.1.g31967, NC_089044.1.g32676, NC_089046.1.g38809, NC_089046.1.g38885						1	0	CI
OG0000266			NC_089035.1.g3136, NC_089036.1.g5965, NC_089037.1.g13592, NC_089037.1.g9832, NC_089037.1.g9895, NC_089038.1.g14445, NC_089038.1.g14477, NC_089038.1.g15500, NC_089038.1.g16183, NC_089038.1.g16184, NC_089038.1.g16485, NC_089038.1.g16486, NC_089038.1.g16654, NC_089039.1.g18891, NC_089039.1.g19032, NC_089039.1.g19476, NC_089039.1.g19762, NC_089039.1.g19836, NC_089039.1.g19837, NC_089039.1.g19927, NC_089040.1.g20632, NC_089040.1.g22541, NC_089041.1.g24582, NC_089042.1.g27491, NC_089042.1.g28323, NC_089042.1.g29604, NC_089043.1.g30088, NC_089043.1.g30985, NC_089043.1.g31968, NC_089044.1.g32675						1	0	CI
OG0000276					NC_089035.1.g1826, NC_089035.1.g1872, NC_089035.1.g1873, NC_089035.1.g3131, NC_089035.1.g5014, NC_089036.1.g7785, NC_089036.1.g9212, NC_089037.1.g12185, NC_089037.1.g12392, NC_089037.1.g13587, NC_089037.1.g9840, NC_089037.1.g9908, NC_089038.1.g14119, NC_089038.1.g14446, NC_089038.1.g14482, NC_089038.1.g16307, NC_089038.1.g16497, NC_089038.1.g17145, NC_089039.1.g17716, NC_089039.1.g19315, NC_089040.1.g20695, NC_089040.1.g22478, NC_089040.1.g22969, NC_089040.1.g23061, NC_089042.1.g28219, NC_089043.1.g30194, NC_089043.1.g31379, NC_089043.1.g32119, NC_089046.1.g39209				1	0	IN
OG0000311				NC_089035.1.g1725, NC_089035.1.g2557, NC_089035.1.g4955, NC_089035.1.g63, NC_089036.1.g5899, NC_089037.1.g12052, NC_089037.1.g12428, NC_089037.1.g12482, NC_089037.1.g13010, NC_089037.1.g13858, NC_089038.1.g13956, NC_089038.1.g14380, NC_089038.1.g14408, NC_089038.1.g14567, NC_089038.1.g15775, NC_089038.1.g16958, NC_089039.1.g19348, NC_089039.1.g19458, NC_089039.1.g19827, NC_089039.1.g19883, NC_089040.1.g20551, NC_089040.1.g22376, NC_089040.1.g22970, NC_089041.1.g26572, NC_089042.1.g27882, NC_089045.1.g34945, NC_089046.1.g38511					1	0	GJ
OG0000353								NC_089035.1.g4993, NC_089036.1.g5966, NC_089036.1.g6935, NC_089037.1.g13634, NC_089037.1.g9866, NC_089038.1.g14179, NC_089038.1.g14510, NC_089038.1.g14542, NC_089038.1.g15869, NC_089038.1.g17022, NC_089038.1.g17156, NC_089039.1.g18383, NC_089039.1.g19915, NC_089040.1.g20650, NC_089040.1.g22982, NC_089041.1.g25732, NC_089041.1.g26586, NC_089042.1.g28384, NC_089042.1.g28827, NC_089042.1.g29661, NC_089043.1.g30192, NC_089043.1.g30390, NC_089043.1.g30583, NC_089043.1.g32161, NC_089046.1.g39105	1	0	PP
OG0000362	NC_089035.1.g1755, NC_089035.1.g5030, NC_089039.1.g18139, NC_089044.1.g33081, NC_089044.1.g33465						NC_089035.1.g1703, NC_089035.1.g4985, NC_089036.1.g5788, NC_089036.1.g8157, NC_089037.1.g9896, NC_089038.1.g14447, NC_089039.1.g17707, NC_089039.1.g17937, NC_089039.1.g18068, NC_089040.1.g21833, NC_089040.1.g22361, NC_089042.1.g28939, NC_089043.1.g30018, NC_089043.1.g30225, NC_089043.1.g30813, NC_089044.1.g33711, NC_089045.1.g35164, NC_089045.1.g35270, NC_089046.1.g38878		1	1	MPE
OG0000509			NC_089041.1.g25891, NC_089041.1.g25892, NC_089041.1.g26668, NC_089041.1.g26670, NC_089041.1.g26671, NC_089041.1.g26674, NC_089041.1.g26680, NC_089041.1.g26686, NC_089041.1.g26687, NC_089041.1.g26688, NC_089041.1.g26689, NC_089041.1.g26691, NC_089041.1.g26694, NC_089041.1.g26695, NC_089041.1.g26696, NC_089041.1.g26699, NC_089041.1.g26702, NC_089041.1.g26707, NC_089041.1.g26708, NC_089041.1.g26709, NC_089041.1.g26712, NC_089041.1.g26713, NC_089041.1.g26714, NC_089041.1.g26716						1	0	CI
OG0000510						NC_089035.1.g1766, NC_089035.1.g2313, NC_089035.1.g2619, NC_089035.1.g69, NC_089036.1.g7880, NC_089036.1.g8000, NC_089036.1.g8429, NC_089037.1.g14081, NC_089037.1.g9957, NC_089038.1.g14179, NC_089038.1.g14615, NC_089038.1.g14648, NC_089038.1.g16033, NC_089038.1.g16713, NC_089038.1.g16881, NC_089038.1.g17241, NC_089039.1.g19160, NC_089040.1.g20895, NC_089040.1.g23269, NC_089041.1.g27126, NC_089042.1.g28602, NC_089042.1.g28677, NC_089045.1.g36953, NC_089046.1.g39539			1	0	KM
OG0000511						NC_089035.1.g1765, NC_089035.1.g2314, NC_089035.1.g5072, NC_089036.1.g6599, NC_089036.1.g7881, NC_089037.1.g10026, NC_089037.1.g12731, NC_089037.1.g13561, NC_089037.1.g14082, NC_089037.1.g9958, NC_089038.1.g14614, NC_089038.1.g14649, NC_089038.1.g16710, NC_089038.1.g16711, NC_089038.1.g16880, NC_089038.1.g17239, NC_089039.1.g17930, NC_089039.1.g19161, NC_089039.1.g20159, NC_089040.1.g20896, NC_089040.1.g22074, NC_089040.1.g22793, NC_089040.1.g23271, NC_089043.1.g30605			1	0	KM
OG0000518	NC_089036.1.g6523							NC_089035.1.g3208, NC_089035.1.g3595, NC_089035.1.g4330, NC_089035.1.g4992, NC_089036.1.g5531, NC_089036.1.g5967, NC_089036.1.g6933, NC_089037.1.g12130, NC_089038.1.g14406, NC_089038.1.g14509, NC_089039.1.g17729, NC_089039.1.g17962, NC_089039.1.g18621, NC_089040.1.g21872, NC_089040.1.g22054, NC_089041.1.g25731, NC_089041.1.g26311, NC_089042.1.g28383, NC_089043.1.g30191, NC_089043.1.g30389, NC_089043.1.g30582, NC_089046.1.g39104	1	1	PP
OG0000529	NC_089039.1.g18007			NC_089035.1.g1723, NC_089035.1.g4953, NC_089036.1.g6845, NC_089036.1.g8100, NC_089037.1.g13344, NC_089038.1.g14281, NC_089038.1.g14378, NC_089038.1.g16351, NC_089038.1.g16955, NC_089039.1.g17859, NC_089039.1.g17989, NC_089039.1.g18493, NC_089039.1.g19181, NC_089039.1.g19825, NC_089040.1.g22378, NC_089041.1.g23763, NC_089041.1.g26071, NC_089042.1.g28028, NC_089042.1.g28514, NC_089044.1.g33503, NC_089045.1.g34947, NC_089045.1.g35054					1	1	GJ
OG0000591						NC_089035.1.g1764, NC_089035.1.g3657, NC_089035.1.g5071, NC_089036.1.g5626, NC_089036.1.g6598, NC_089037.1.g10025, NC_089037.1.g12222, NC_089037.1.g12730, NC_089037.1.g13560, NC_089038.1.g14517, NC_089038.1.g14613, NC_089038.1.g14652, NC_089038.1.g16709, NC_089038.1.g16879, NC_089038.1.g16947, NC_089038.1.g17238, NC_089039.1.g18154, NC_089039.1.g18815, NC_089040.1.g22326, NC_089042.1.g29120, NC_089043.1.g30604, NC_089045.1.g36839			1	0	KM
OG0000685		NC_089035.1.g1226, NC_089035.1.g3233, NC_089035.1.g3621, NC_089035.1.g4356, NC_089036.1.g8967, NC_089038.1.g14412, NC_089038.1.g14448, NC_089038.1.g15476, NC_089039.1.g17615, NC_089039.1.g17840, NC_089039.1.g17979, NC_089039.1.g18489, NC_089040.1.g22355, NC_089041.1.g25666, NC_089041.1.g25890, NC_089041.1.g26381, NC_089042.1.g28988, NC_089043.1.g30094, NC_089044.1.g33353, NC_089045.1.g35359							1	0	BSM
OG0000731	NC_089035.1.g1573, NC_089035.1.g3076, NC_089036.1.g6989, NC_089036.1.g7707, NC_089037.1.g10031, NC_089038.1.g14751, NC_089038.1.g15436, NC_089038.1.g16002, NC_089040.1.g21586, NC_089040.1.g23047, NC_089040.1.g23447, NC_089040.1.g23644, NC_089043.1.g31107, NC_089044.1.g33398, NC_089045.1.g36440, NC_089046.1.g38089, NC_089046.1.g39095	NC_089035.1.g3074							1	1	BSM
OG0000744	NC_089037.1.g10490, NC_089037.1.g10606, NC_089037.1.g11908, NC_089040.1.g22296, NC_089040.1.g22367, NC_089040.1.g22654, NC_089042.1.g28786, NC_089043.1.g30483							NC_089037.1.g10504, NC_089037.1.g10620, NC_089037.1.g11990, NC_089039.1.g18807, NC_089040.1.g22201, NC_089040.1.g22527, NC_089042.1.g28697, NC_089043.1.g30418, NC_089044.1.g32664, NC_089045.1.g35202	1	1	PP
OG0000933	NC_089035.1.g1424, NC_089035.1.g2178, NC_089035.1.g2182, NC_089035.1.g3241, NC_089035.1.g3243, NC_089035.1.g3247, NC_089036.1.g6790, NC_089039.1.g17823, NC_089039.1.g20310, NC_089039.1.g20312	NC_089035.1.g1418, NC_089035.1.g2158, NC_089035.1.g2162, NC_089035.1.g3242, NC_089035.1.g3244, NC_089035.1.g3249							1	1	BSM
OG0002098			NC_089036.1.g5567, NC_089036.1.g5967, NC_089036.1.g8142, NC_089037.1.g12089, NC_089037.1.g9894, NC_089038.1.g14444, NC_089038.1.g16484, NC_089038.1.g16653, NC_089039.1.g17915, NC_089039.1.g19761, NC_089039.1.g19833, NC_089040.1.g22542, NC_089041.1.g24585, NC_089042.1.g28322, NC_089043.1.g30087, NC_089043.1.g30983						1	0	CI
OG0002605							NC_089035.1.g1222, NC_089035.1.g3310, NC_089036.1.g6329, NC_089036.1.g9355, NC_089037.1.g11782, NC_089038.1.g14775, NC_089039.1.g17971, NC_089041.1.g24330, NC_089041.1.g26609, NC_089042.1.g27306, NC_089043.1.g30174, NC_089043.1.g31442, NC_089045.1.g35903		1	0	MPE
OG0002798						NC_089036.1.g7084, NC_089036.1.g8292, NC_089036.1.g9334, NC_089038.1.g14526, NC_089039.1.g18717, NC_089039.1.g20367, NC_089040.1.g23169, NC_089041.1.g26606, NC_089041.1.g27040, NC_089042.1.g28625, NC_089045.1.g35686, NC_089045.1.g37340			1	0	KM
OG0003040							NC_089039.1.g18251, NC_089039.1.g18252, NC_089039.1.g18253, NC_089039.1.g18254, NC_089044.1.g32311, NC_089044.1.g32356, NC_089044.1.g32357, NC_089044.1.g32392, NC_089044.1.g32393, NC_089044.1.g32439, NC_089044.1.g32440		1	0	MPE
OG0003120	NC_089037.1.g11055, NC_089037.1.g11056, NC_089037.1.g11058, NC_089037.1.g11059, NC_089037.1.g11061			NC_089037.1.g10963, NC_089037.1.g10964, NC_089037.1.g10965, NC_089037.1.g10966, NC_089037.1.g10968					1	1	GJ
OG0003329		NC_089036.1.g6798, NC_089036.1.g7739, NC_089037.1.g11250, NC_089037.1.g11252, NC_089039.1.g17915, NC_089039.1.g18390, NC_089043.1.g30137, NC_089044.1.g32737, NC_089046.1.g37873, NC_089046.1.g38395							1	0	BSM
OG0003349			NC_089035.1.g3613, NC_089035.1.g4321, NC_089037.1.g13845, NC_089039.1.g17506, NC_089039.1.g18534, NC_089039.1.g19992, NC_089039.1.g20341, NC_089040.1.g22708, NC_089042.1.g29489, NC_089043.1.g30175						1	0	CI
OG0003360						NC_089038.1.g14770, NC_089038.1.g14889, NC_089039.1.g18664, NC_089041.1.g25357, NC_089042.1.g28347, NC_089043.1.g30385, NC_089044.1.g33469, NC_089045.1.g36010, NC_089045.1.g36132, NC_089046.1.g38684			1	0	KM
OG0003361						NC_089039.1.g18468, NC_089039.1.g18470, NC_089039.1.g18471, NC_089044.1.g32837, NC_089044.1.g32887, NC_089044.1.g32888, NC_089044.1.g32922, NC_089044.1.g32924, NC_089044.1.g32926, NC_089044.1.g32977			1	0	KM
OG0005327	NC_089035.1.g1934, NC_089039.1.g18428, NC_089039.1.g18545, NC_089044.1.g34235, NC_089045.1.g36114, NC_089046.1.g39040					NC_089039.1.g18574, NC_089046.1.g39456			1	1	KM
OG0020340	NC_089041.1.g25477					NC_089035.1.g3436, NC_089037.1.g9917, NC_089038.1.g14393, NC_089041.1.g24503, NC_089041.1.g25647, NC_089043.1.g30448, NC_089044.1.g33562			1	1	KM
OG0023058	NC_089042.1.g29956		NC_089036.1.g6775, NC_089037.1.g13092, NC_089038.1.g14413, NC_089041.1.g24961, NC_089041.1.g24962, NC_089042.1.g29823, NC_089046.1.g38323						1	1	CI
OG0028224			NC_089042.1.g29701, NC_089042.1.g29703, NC_089042.1.g29704, NC_089042.1.g29707, NC_089042.1.g29708, NC_089042.1.g29710, NC_089042.1.g29711, NC_089042.1.g29715						1	0	CI
OG0028622	NC_089036.1.g9350, NC_089036.1.g9351, NC_089036.1.g9352, NC_089036.1.g9358	NC_089036.1.g9325, NC_089036.1.g9329, NC_089036.1.g9340							1	1	BSM
OG0030471					NC_089035.1.g1378, NC_089035.1.g922, NC_089040.1.g21907, NC_089040.1.g21958, NC_089041.1.g25902, NC_089042.1.g28799, NC_089044.1.g34008				1	0	IN
OG0030761	NC_089037.1.g11895, NC_089038.1.g15062, NC_089044.1.g32615, NC_089044.1.g32857, NC_089044.1.g32858		NC_089040.1.g22025						1	1	CI
OG0032139							NC_089036.1.g7478, NC_089036.1.g7481, NC_089036.1.g7484, NC_089036.1.g7487, NC_089036.1.g7491, NC_089036.1.g7495		1	0	MPE
OG0032141								NC_089042.1.g29567, NC_089042.1.g29568, NC_089042.1.g29570, NC_089042.1.g29572, NC_089042.1.g29574, NC_089042.1.g29575	1	0	PP
OG0032195	NC_089035.1.g3005, NC_089040.1.g23199, NC_089041.1.g24176, NC_089042.1.g27753						NC_089040.1.g23042		1	1	MPE
OG0032213	NC_089035.1.g3930, NC_089035.1.g4982, NC_089039.1.g19248	NC_089035.1.g3920, NC_089036.1.g6109							1	1	BSM
OG0032511	NC_089039.1.g17647, NC_089040.1.g23287, NC_089045.1.g34890					NC_089040.1.g23466, NC_089045.1.g35220			1	1	KM
OG0032808	NC_089042.1.g29082, NC_089046.1.g39038			NC_089037.1.g11548, NC_089042.1.g28653, NC_089046.1.g38502					1	1	GJ
OG0033025	NC_089045.1.g36636							NC_089039.1.g20065, NC_089045.1.g36599, NC_089045.1.g36799, NC_089045.1.g37047	1	1	PP
OG0033062	NC_089046.1.g38100					NC_089035.1.g1525, NC_089035.1.g40, NC_089038.1.g14855, NC_089042.1.g27692			1	1	KM
OG0033234		NC_089036.1.g6797, NC_089037.1.g11249, NC_089039.1.g17916, NC_089039.1.g18389, NC_089041.1.g24982							1	0	BSM
OG0033942			NC_089039.1.g17549, NC_089039.1.g20035, NC_089045.1.g36419, NC_089045.1.g36613, NC_089045.1.g36860						1	0	CI
OG0034035				NC_089035.1.g2009, NC_089037.1.g12692, NC_089037.1.g12693, NC_089040.1.g22000, NC_089041.1.g26512					1	0	GJ
OG0034036				NC_089035.1.g2199, NC_089038.1.g15368, NC_089038.1.g16489, NC_089041.1.g24601, NC_089046.1.g38901					1	0	GJ
OG0034069						NC_089038.1.g14609, NC_089039.1.g20576, NC_089042.1.g29373, NC_089042.1.g30157, NC_089045.1.g36469			1	0	KM
OG0034073							NC_089045.1.g36966, NC_089046.1.g38677, NC_089046.1.g38853, NC_089046.1.g38856, NC_089046.1.g38857		1	0	MPE
OG0034084	NC_089035.1.g952, NC_089044.1.g33692, NC_089045.1.g36042				NC_089045.1.g36060				1	1	IN
OG0034200	NC_089036.1.g6820, NC_089036.1.g7148, NC_089045.1.g35903			NC_089045.1.g35324					1	1	GJ
OG0034251	NC_089037.1.g9513, NC_089039.1.g19037						NC_089037.1.g9472, NC_089046.1.g39355		1	1	MPE
OG0034261	NC_089037.1.g10630, NC_089037.1.g10984, NC_089043.1.g30545			NC_089037.1.g10548					1	1	GJ
OG0034310	NC_089037.1.g12667, NC_089038.1.g15315							NC_089037.1.g12674, NC_089038.1.g15287	1	1	PP
OG0034508	NC_089040.1.g22009, NC_089046.1.g39171							NC_089040.1.g21911, NC_089042.1.g27541	1	1	PP
OG0034732	NC_089044.1.g32743, NC_089044.1.g32745	NC_089044.1.g32619, NC_089044.1.g32621							1	1	BSM
OG0034905	NC_011033.1.g39733, NC_011033.1.g39736							NC_011033.1.g39677, NC_011033.1.g39680	1	1	PP
OG0035587			NC_089035.1.g2225, NC_089039.1.g17984, NC_089045.1.g36605, NC_089046.1.g39041						1	0	CI
OG0035832				NC_089035.1.g650, NC_089037.1.g11475, NC_089039.1.g20191, NC_089040.1.g21210					1	0	GJ
OG0035836				NC_089035.1.g2135, NC_089040.1.g22976, NC_089044.1.g32474, NC_089044.1.g32527					1	0	GJ
OG0035909					NC_089035.1.g1571, NC_089035.1.g840, NC_089037.1.g10695, NC_089038.1.g14374				1	0	IN
OG0035932						NC_089035.1.g180, NC_089043.1.g30853, NC_089043.1.g30861, NC_089046.1.g38152			1	0	KM
OG0035936						NC_089041.1.g24551, NC_089041.1.g24557, NC_089041.1.g24563, NC_089041.1.g24568			1	0	KM
OG0035939								NC_089037.1.g12546, NC_089040.1.g22984, NC_089041.1.g24902, NC_089042.1.g28199	1	0	PP
OG0035950	NC_089035.1.g760, NC_089040.1.g22983						NC_089035.1.g737		1	1	MPE
OG0035970	NC_089035.1.g1557			NC_089035.1.g1538, NC_089038.1.g15305					1	1	GJ
OG0035992	NC_089035.1.g2051, NC_089038.1.g15200				NC_089038.1.g15151				1	1	IN
OG0035996	NC_089035.1.g2236, NC_089042.1.g27934					NC_089042.1.g28135			1	1	KM
OG0036082	NC_089036.1.g6779, NC_089040.1.g21960		NC_089040.1.g21847						1	1	CI
OG0036102	NC_089036.1.g7384, NC_089045.1.g36765							NC_089045.1.g36719	1	1	PP
OG0036118	NC_089036.1.g7949, NC_089040.1.g23649			NC_089040.1.g23354					1	1	GJ
OG0036180	NC_089037.1.g11505		NC_089037.1.g11462, NC_089037.1.g11463						1	1	CI
OG0036202	NC_089037.1.g12243, NC_089041.1.g25743			NC_089037.1.g12135					1	1	GJ
OG0036273	NC_089038.1.g14704, NC_089041.1.g25873				NC_089041.1.g25821				1	1	IN
OG0036274	NC_089038.1.g14764			NC_089038.1.g14639, NC_089040.1.g22981					1	1	GJ
OG0036317	NC_089038.1.g16234		NC_089036.1.g7633, NC_089038.1.g16142						1	1	CI
OG0036338	NC_089039.1.g17547			NC_089038.1.g14095, NC_089039.1.g17397					1	1	GJ
OG0036340	NC_089039.1.g17617, NC_089045.1.g36762						NC_089045.1.g36510		1	1	MPE
OG0036357	NC_089039.1.g18471					NC_089036.1.g6801, NC_089039.1.g18622			1	1	KM
OG0036379	NC_089039.1.g19153, NC_089040.1.g21900			NC_089039.1.g18978					1	1	GJ
OG0036427	NC_089040.1.g21599				NC_089040.1.g21555, NC_089046.1.g37881				1	1	IN
OG0036433	NC_089040.1.g21901							NC_089036.1.g7235, NC_089040.1.g21800	1	1	PP
OG0036447	NC_089040.1.g22410, NC_089044.1.g32524					NC_089044.1.g32809			1	1	KM
OG0036540	NC_089041.1.g25866, NC_089044.1.g33091						NC_089041.1.g25660		1	1	MPE
OG0036598	NC_089042.1.g28339, NC_089045.1.g36308				NC_089042.1.g28294				1	1	IN
OG0036679	NC_089043.1.g30677	NC_089042.1.g29553, NC_089043.1.g30537							1	1	BSM
OG0036739	NC_089044.1.g33133, NC_089045.1.g36117				NC_089046.1.g38074				1	1	IN
OG0036760	NC_089044.1.g33950						NC_089036.1.g8539, NC_089044.1.g33722		1	1	MPE
OG0036796	NC_089045.1.g35135			NC_089035.1.g3230, NC_089045.1.g34684					1	1	GJ
OG0036841	NC_089045.1.g36036				NC_089042.1.g28909, NC_089045.1.g36055				1	1	IN
OG0036846	NC_089045.1.g36195							NC_089036.1.g6841, NC_089045.1.g36169	1	1	PP
OG0036861	NC_089045.1.g36795						NC_089041.1.g26832, NC_089045.1.g36540		1	1	MPE
OG0036869	NC_089045.1.g37123						NC_089045.1.g36854, NC_089045.1.g36869		1	1	MPE
OG0036970		NC_089035.1.g2198, NC_089040.1.g21476, NC_089041.1.g24878							1	0	BSM
OG0037720			NC_089040.1.g22256, NC_089040.1.g22257, NC_089042.1.g29546						1	0	CI
OG0037941				NC_089035.1.g3168, NC_089036.1.g8645, NC_089042.1.g27595					1	0	GJ
OG0038165					NC_089038.1.g14949, NC_089039.1.g17667, NC_089044.1.g33116				1	0	IN
OG0038166					NC_089038.1.g14971, NC_089038.1.g14976, NC_089038.1.g14979				1	0	IN
OG0038197					NC_089042.1.g27947, NC_089045.1.g35278, NC_089046.1.g39445				1	0	IN
OG0038242						NC_089035.1.g966, NC_089037.1.g12427, NC_089045.1.g36268			1	0	KM
OG0038246						NC_089037.1.g12436, NC_089039.1.g19077, NC_089046.1.g39708			1	0	KM
OG0038251						NC_089038.1.g15019, NC_089038.1.g15022, NC_089045.1.g36119			1	0	KM
OG0038279							NC_089038.1.g16414, NC_089040.1.g21148, NC_089044.1.g32232		1	0	MPE
OG0038280							NC_089040.1.g22278, NC_089045.1.g35635, NC_089046.1.g38150		1	0	MPE
OG0038282							NC_089041.1.g26659, NC_089042.1.g28252, NC_089045.1.g36576		1	0	MPE
OG0038285	NC_089035.1.g110	NC_089035.1.g109							1	1	BSM
OG0038286	NC_089035.1.g123							NC_089035.1.g117	1	1	PP
OG0038287	NC_089035.1.g174			NC_089035.1.g170					1	1	GJ
OG0038288	NC_089035.1.g221					NC_089035.1.g217			1	1	KM
OG0038289	NC_089035.1.g275			NC_089035.1.g271					1	1	GJ
OG0038290	NC_089035.1.g279			NC_089035.1.g275					1	1	GJ
OG0038291	NC_089035.1.g366	NC_089035.1.g360							1	1	BSM
OG0038292	NC_089035.1.g463					NC_089035.1.g473			1	1	KM
OG0038293	NC_089035.1.g743		NC_089035.1.g718						1	1	CI
OG0038294	NC_089035.1.g822					NC_089035.1.g833			1	1	KM
OG0038295	NC_089035.1.g871							NC_089035.1.g855	1	1	PP
OG0038297	NC_089035.1.g951	NC_089035.1.g953							1	1	BSM
OG0038298	NC_089035.1.g1027					NC_089035.1.g1041			1	1	KM
OG0038299	NC_089035.1.g1033					NC_089035.1.g1047			1	1	KM
OG0038300	NC_089035.1.g1053					NC_089035.1.g1065			1	1	KM
OG0038301	NC_089035.1.g1263							NC_089040.1.g22429	1	1	PP
OG0038302	NC_089035.1.g1331						NC_089035.1.g1300		1	1	MPE
OG0038303	NC_089035.1.g1340		NC_089035.1.g1301						1	1	CI
OG0038304	NC_089035.1.g1376			NC_089035.1.g1356					1	1	GJ
OG0038305	NC_089035.1.g1438			NC_089035.1.g1418					1	1	GJ
OG0038306	NC_089035.1.g1583					NC_089035.1.g1590			1	1	KM
OG0038307	NC_089035.1.g1629							NC_089036.1.g8688	1	1	PP
OG0038308	NC_089035.1.g1647		NC_089035.1.g1615						1	1	CI
OG0038309	NC_089035.1.g1663		NC_089035.1.g1636						1	1	CI
OG0038310	NC_089035.1.g1685					NC_089035.1.g1697			1	1	KM
OG0038311	NC_089035.1.g1700		NC_089035.1.g1671						1	1	CI
OG0038312	NC_089035.1.g1712					NC_089035.1.g1722			1	1	KM
OG0038313	NC_089035.1.g1763				NC_089035.1.g1723				1	1	IN
OG0038314	NC_089035.1.g1765					NC_089035.1.g1772			1	1	KM
OG0038315	NC_089035.1.g1775		NC_089035.1.g1742						1	1	CI
OG0038316	NC_089035.1.g2009			NC_089035.1.g1971					1	1	GJ
OG0038317	NC_089035.1.g2054					NC_089035.1.g2066			1	1	KM
OG0038318	NC_089035.1.g2086					NC_089035.1.g2099			1	1	KM
OG0038320	NC_089035.1.g2198					NC_089035.1.g2213			1	1	KM
OG0038321	NC_089035.1.g2214					NC_089035.1.g2228			1	1	KM
OG0038322	NC_089035.1.g2290		NC_089035.1.g2253						1	1	CI
OG0038323	NC_089035.1.g2346					NC_089035.1.g2357			1	1	KM
OG0038324	NC_089035.1.g2381						NC_089035.1.g2337		1	1	MPE
OG0038325	NC_089035.1.g2394		NC_089035.1.g2355						1	1	CI
OG0038326	NC_089035.1.g2470					NC_089035.1.g2477			1	1	KM
OG0038327	NC_089035.1.g2473					NC_089035.1.g2480			1	1	KM
OG0038328	NC_089035.1.g2540					NC_089035.1.g2552			1	1	KM
OG0038329	NC_089035.1.g2580							NC_089035.1.g2531	1	1	PP
OG0038330	NC_089035.1.g2583							NC_089035.1.g2536	1	1	PP
OG0038331	NC_089035.1.g2664			NC_089035.1.g2621					1	1	GJ
OG0038332	NC_089035.1.g2755	NC_089035.1.g2742							1	1	BSM
OG0038333	NC_089035.1.g2788					NC_089035.1.g2813			1	1	KM
OG0038334	NC_089035.1.g2795			NC_089035.1.g2753					1	1	GJ
OG0038335	NC_089035.1.g2908				NC_089035.1.g2898				1	1	IN
OG0038336	NC_089035.1.g2916						NC_089035.1.g2893		1	1	MPE
OG0038337	NC_089035.1.g2935						NC_089035.1.g2915		1	1	MPE
OG0038338	NC_089035.1.g2949	NC_089035.1.g2945							1	1	BSM
OG0038339	NC_089035.1.g3212					NC_089035.1.g3242			1	1	KM
OG0038340	NC_089035.1.g3242					NC_089035.1.g3272			1	1	KM
OG0038341	NC_089035.1.g3254					NC_089035.1.g3286			1	1	KM
OG0038342	NC_089035.1.g3290					NC_089035.1.g3323			1	1	KM
OG0038343	NC_089035.1.g3313					NC_089035.1.g3347			1	1	KM
OG0038344	NC_089035.1.g3324					NC_089035.1.g3358			1	1	KM
OG0038345	NC_089035.1.g3335	NC_089035.1.g3337							1	1	BSM
OG0038346	NC_089035.1.g3383					NC_089035.1.g3416			1	1	KM
OG0038347	NC_089035.1.g3398					NC_089035.1.g3431			1	1	KM
OG0038348	NC_089035.1.g3413			NC_089035.1.g3355					1	1	GJ
OG0038349	NC_089035.1.g3457					NC_089035.1.g3488			1	1	KM
OG0038350	NC_089035.1.g3521	NC_089035.1.g3515							1	1	BSM
OG0038351	NC_089035.1.g3531					NC_089035.1.g3557			1	1	KM
OG0038352	NC_089035.1.g3671		NC_089035.1.g3665						1	1	CI
OG0038353	NC_089035.1.g3737					NC_089035.1.g3774			1	1	KM
OG0038354	NC_089035.1.g3931	NC_089035.1.g3921							1	1	BSM
OG0038355	NC_089035.1.g4121			NC_089035.1.g4054					1	1	GJ
OG0038356	NC_089035.1.g4152					NC_089035.1.g4192			1	1	KM
OG0038357	NC_089035.1.g4168			NC_089035.1.g4101					1	1	GJ
OG0038358	NC_089035.1.g4331				NC_089035.1.g4311				1	1	IN
OG0038359	NC_089035.1.g4365	NC_089035.1.g4347							1	1	BSM
OG0038360	NC_089035.1.g4409			NC_089035.1.g4333					1	1	GJ
OG0038361	NC_089035.1.g4456					NC_089035.1.g4496			1	1	KM
OG0038362	NC_089035.1.g4488						NC_089035.1.g4438		1	1	MPE
OG0038363	NC_089035.1.g4532				NC_089035.1.g4515				1	1	IN
OG0038364	NC_089035.1.g4880					NC_089035.1.g4920			1	1	KM
OG0038365	NC_089035.1.g5015			NC_089035.1.g4939					1	1	GJ
OG0038366	NC_089035.1.g5058					NC_089035.1.g5103			1	1	KM
OG0038367	NC_089035.1.g5218					NC_089035.1.g5266			1	1	KM
OG0038368	NC_089035.1.g5223						NC_089035.1.g5173		1	1	MPE
OG0038369	NC_089036.1.g5625				NC_089036.1.g5624				1	1	IN
OG0038370	NC_089036.1.g5631						NC_089036.1.g5593		1	1	MPE
OG0038371	NC_089036.1.g6052					NC_089036.1.g6111			1	1	KM
OG0038372	NC_089036.1.g6059					NC_089036.1.g6118			1	1	KM
OG0038373	NC_089036.1.g6194					NC_089036.1.g6260			1	1	KM
OG0038374	NC_089036.1.g6235	NC_089036.1.g6228							1	1	BSM
OG0038375	NC_089036.1.g6280					NC_089036.1.g6348			1	1	KM
OG0038376	NC_089036.1.g6292				NC_089036.1.g6281				1	1	IN
OG0038377	NC_089036.1.g6296			NC_089036.1.g6234					1	1	GJ
OG0038378	NC_089036.1.g6315			NC_089036.1.g6255					1	1	GJ
OG0038379	NC_089036.1.g6575					NC_089036.1.g6655			1	1	KM
OG0038380	NC_089036.1.g6802			NC_089036.1.g6726					1	1	GJ
OG0038381	NC_089036.1.g6813					NC_089036.1.g6899			1	1	KM
OG0038382	NC_089036.1.g6847		NC_089036.1.g6826						1	1	CI
OG0038383	NC_089036.1.g6848	NC_089036.1.g6814							1	1	BSM
OG0038384	NC_089036.1.g6849	NC_089036.1.g6815							1	1	BSM
OG0038385	NC_089036.1.g6859					NC_089036.1.g6940			1	1	KM
OG0038386	NC_089036.1.g6867					NC_089036.1.g6946			1	1	KM
OG0038387	NC_089036.1.g6958					NC_089036.1.g7032			1	1	KM
OG0038388	NC_089036.1.g6971					NC_089036.1.g7045			1	1	KM
OG0038389	NC_089036.1.g6987					NC_089036.1.g7060			1	1	KM
OG0038390	NC_089036.1.g7110					NC_089036.1.g7180			1	1	KM
OG0038391	NC_089036.1.g7141			NC_089036.1.g7054					1	1	GJ
OG0038392	NC_089036.1.g7181		NC_089036.1.g7137						1	1	CI
OG0038393	NC_089036.1.g7195			NC_089036.1.g7104					1	1	GJ
OG0038394	NC_089036.1.g7218					NC_089036.1.g7282			1	1	KM
OG0038395	NC_089036.1.g7219					NC_089036.1.g7283			1	1	KM
OG0038396	NC_089036.1.g7235				NC_089036.1.g7215				1	1	IN
OG0038397	NC_089036.1.g7316			NC_089036.1.g7230					1	1	GJ
OG0038398	NC_089036.1.g7402					NC_089036.1.g7466			1	1	KM
OG0038399	NC_089036.1.g7532			NC_089036.1.g7451					1	1	GJ
OG0038400	NC_089036.1.g7556					NC_089036.1.g7625			1	1	KM
OG0038401	NC_089036.1.g7629			NC_089036.1.g7547					1	1	GJ
OG0038402	NC_089036.1.g7631				NC_089036.1.g7604				1	1	IN
OG0038403	NC_089036.1.g8118					NC_089036.1.g8191			1	1	KM
OG0038404	NC_089036.1.g8163					NC_089036.1.g8234			1	1	KM
OG0038405	NC_089036.1.g8538					NC_089036.1.g8620			1	1	KM
OG0038406	NC_089036.1.g8656	NC_089036.1.g8633							1	1	BSM
OG0038407	NC_089036.1.g8707					NC_089036.1.g8790			1	1	KM
OG0038408	NC_089036.1.g8743			NC_089036.1.g8662					1	1	GJ
OG0038409	NC_089036.1.g8795			NC_089036.1.g8716					1	1	GJ
OG0038410	NC_089036.1.g8897					NC_089036.1.g8980			1	1	KM
OG0038412	NC_089036.1.g9011			NC_089036.1.g8933					1	1	GJ
OG0038413	NC_089036.1.g9015					NC_089036.1.g9101			1	1	KM
OG0038414	NC_089036.1.g9110	NC_089036.1.g9091							1	1	BSM
OG0038415	NC_089036.1.g9169					NC_089036.1.g9259			1	1	KM
OG0038416	NC_089036.1.g9355	NC_089036.1.g9332							1	1	BSM
OG0038417	NC_089036.1.g9356	NC_089036.1.g9333							1	1	BSM
OG0038418	NC_089036.1.g9414					NC_089036.1.g9503			1	1	KM
OG0038419	NC_089037.1.g9511			NC_089037.1.g9437					1	1	GJ
OG0038420	NC_089037.1.g9841						NC_089037.1.g9799		1	1	MPE
OG0038421	NC_089037.1.g9902			NC_089037.1.g9822					1	1	GJ
OG0038422	NC_089037.1.g9991							NC_089037.1.g9993	1	1	PP
OG0038423	NC_089037.1.g9992							NC_089037.1.g9994	1	1	PP
OG0038424	NC_089037.1.g10113							NC_089037.1.g10119	1	1	PP
OG0038425	NC_089037.1.g10183					NC_089037.1.g10282			1	1	KM
OG0038426	NC_089037.1.g10224					NC_089037.1.g10325			1	1	KM
OG0038427	NC_089037.1.g10227			NC_089037.1.g10147					1	1	GJ
OG0038428	NC_089037.1.g10292					NC_089037.1.g10394			1	1	KM
OG0038429	NC_089037.1.g10351						NC_089037.1.g10329		1	1	MPE
OG0038430	NC_089037.1.g10417					NC_089037.1.g10519			1	1	KM
OG0038431	NC_089037.1.g10431			NC_089037.1.g10351					1	1	GJ
OG0038432	NC_089037.1.g10516							NC_089037.1.g10530	1	1	PP
OG0038433	NC_089037.1.g10546							NC_089037.1.g10560	1	1	PP
OG0038434	NC_089037.1.g10567					NC_089037.1.g10662			1	1	KM
OG0038435	NC_089037.1.g10585					NC_089037.1.g10681			1	1	KM
OG0038436	NC_089037.1.g10635					NC_089046.1.g38993			1	1	KM
OG0038437	NC_089037.1.g10658						NC_089037.1.g10632		1	1	MPE
OG0038438	NC_089037.1.g10779							NC_089037.1.g10790	1	1	PP
OG0038439	NC_089037.1.g10937							NC_089037.1.g10949	1	1	PP
OG0038440	NC_089037.1.g10967			NC_089037.1.g10884					1	1	GJ
OG0038442	NC_089037.1.g11107					NC_089037.1.g11186			1	1	KM
OG0038443	NC_089037.1.g11140					NC_089037.1.g11216			1	1	KM
OG0038444	NC_089037.1.g11141					NC_089037.1.g11217			1	1	KM
OG0038445	NC_089037.1.g11153			NC_089037.1.g11052					1	1	GJ
OG0038446	NC_089037.1.g11163					NC_089037.1.g11236			1	1	KM
OG0038447	NC_089037.1.g11185					NC_089037.1.g11257			1	1	KM
OG0038448	NC_089037.1.g11248	NC_089037.1.g11188							1	1	BSM
OG0038449	NC_089037.1.g11522					NC_089037.1.g11601			1	1	KM
OG0038450	NC_089037.1.g11567					NC_089037.1.g11648			1	1	KM
OG0038451	NC_089037.1.g11582					NC_089037.1.g11665			1	1	KM
OG0038452	NC_089037.1.g11601					NC_089037.1.g11685			1	1	KM
OG0038453	NC_089037.1.g11637		NC_089037.1.g11602						1	1	CI
OG0038454	NC_089037.1.g11647					NC_089037.1.g11733			1	1	KM
OG0038455	NC_089037.1.g11742			NC_089037.1.g11638					1	1	GJ
OG0038456	NC_089037.1.g11849		NC_089037.1.g11806						1	1	CI
OG0038457	NC_089037.1.g11878			NC_089037.1.g11772					1	1	GJ
OG0038458	NC_089037.1.g11916			NC_089037.1.g11812					1	1	GJ
OG0038459	NC_089037.1.g11917		NC_089037.1.g11876						1	1	CI
OG0038461	NC_089037.1.g12079		NC_089037.1.g12029						1	1	CI
OG0038462	NC_089037.1.g12194						NC_089037.1.g12116		1	1	MPE
OG0038463	NC_089037.1.g12210						NC_089037.1.g12132		1	1	MPE
OG0038464	NC_089037.1.g12274					NC_089037.1.g12365			1	1	KM
OG0038465	NC_089037.1.g12344	NC_089037.1.g12267							1	1	BSM
OG0038466	NC_089037.1.g12360	NC_089037.1.g12282							1	1	BSM
OG0038467	NC_089037.1.g12367					NC_089037.1.g12457			1	1	KM
OG0038468	NC_089037.1.g12415			NC_089037.1.g12300					1	1	GJ
OG0038469	NC_089037.1.g12467					NC_089037.1.g12562			1	1	KM
OG0038470	NC_089037.1.g12591			NC_089037.1.g12472					1	1	GJ
OG0038471	NC_089037.1.g12620			NC_089037.1.g12505					1	1	GJ
OG0038472	NC_089037.1.g12740			NC_089037.1.g12626					1	1	GJ
OG0038473	NC_089037.1.g12875	NC_089037.1.g12795							1	1	BSM
OG0038474	NC_089037.1.g12983				NC_089037.1.g12939				1	1	IN
OG0038475	NC_089037.1.g13133						NC_089037.1.g13083		1	1	MPE
OG0038476	NC_089037.1.g13374		NC_089043.1.g30047						1	1	CI
OG0038477	NC_089037.1.g13413					NC_089037.1.g13519			1	1	KM
OG0038478	NC_089037.1.g13521	NC_089037.1.g13433							1	1	BSM
OG0038479	NC_089037.1.g13542							NC_089037.1.g13542	1	1	PP
OG0038480	NC_089037.1.g13674					NC_089037.1.g13784			1	1	KM
OG0038481	NC_089037.1.g13709			NC_089037.1.g13595					1	1	GJ
OG0038482	NC_089037.1.g13818		NC_089037.1.g13769						1	1	CI
OG0038483	NC_089038.1.g14046			NC_089038.1.g13928					1	1	GJ
OG0038484	NC_089038.1.g14143			NC_089038.1.g14023					1	1	GJ
OG0038485	NC_089038.1.g14173	NC_089038.1.g14064							1	1	BSM
OG0038486	NC_089038.1.g14194			NC_089038.1.g14074					1	1	GJ
OG0038487	NC_089038.1.g14201			NC_089038.1.g14083					1	1	GJ
OG0038488	NC_089038.1.g14207			NC_089038.1.g14091					1	1	GJ
OG0038490	NC_089038.1.g14253							NC_089038.1.g14245	1	1	PP
OG0038491	NC_089038.1.g14257					NC_089038.1.g14355			1	1	KM
OG0038492	NC_089038.1.g14285	NC_089038.1.g14179							1	1	BSM
OG0038493	NC_089038.1.g14320						NC_089038.1.g14260		1	1	MPE
OG0038494	NC_089038.1.g14386		NC_089038.1.g14316						1	1	CI
OG0038495	NC_089038.1.g14416							NC_089038.1.g14409	1	1	PP
OG0038496	NC_089038.1.g14429					NC_089038.1.g14532			1	1	KM
OG0038497	NC_089038.1.g14510			NC_089038.1.g14375					1	1	GJ
OG0038498	NC_089038.1.g14538							NC_089038.1.g14534	1	1	PP
OG0038499	NC_089038.1.g14588							NC_089038.1.g14589	1	1	PP
OG0038500	NC_089038.1.g14604					NC_089038.1.g14718			1	1	KM
OG0038501	NC_089038.1.g14637						NC_089038.1.g14578		1	1	MPE
OG0038502	NC_089038.1.g14648			NC_089038.1.g14520					1	1	GJ
OG0038503	NC_089038.1.g14663					NC_089038.1.g14778			1	1	KM
OG0038504	NC_089038.1.g14710				NC_089038.1.g14645				1	1	IN
OG0038505	NC_089038.1.g14782				NC_089038.1.g14717				1	1	IN
OG0038506	NC_089038.1.g14869					NC_089038.1.g14985			1	1	KM
OG0038507	NC_089038.1.g14969					NC_089038.1.g15084			1	1	KM
OG0038508	NC_089038.1.g15002					NC_089038.1.g15115			1	1	KM
OG0038509	NC_089038.1.g15010					NC_089038.1.g15125			1	1	KM
OG0038510	NC_089038.1.g15094		NC_089038.1.g15005						1	1	CI
OG0038511	NC_089038.1.g15128			NC_089038.1.g14988					1	1	GJ
OG0038512	NC_089038.1.g15316			NC_089038.1.g15191					1	1	GJ
OG0038513	NC_089038.1.g15343						NC_089037.1.g11591		1	1	MPE
OG0038514	NC_089038.1.g15359			NC_089038.1.g15232					1	1	GJ
OG0038515	NC_089038.1.g15509	NC_089038.1.g15400							1	1	BSM
OG0038516	NC_089038.1.g15611				NC_089038.1.g15566				1	1	IN
OG0038517	NC_089038.1.g15760						NC_089038.1.g15700		1	1	MPE
OG0038518	NC_089038.1.g15998				NC_089038.1.g15947				1	1	IN
OG0038519	NC_089038.1.g16254							NC_089038.1.g16212	1	1	PP
OG0038520	NC_089038.1.g16350					NC_089038.1.g16481			1	1	KM
OG0038521	NC_089038.1.g16351					NC_089038.1.g16482			1	1	KM
OG0038522	NC_089038.1.g16459						NC_089038.1.g16406		1	1	MPE
OG0038523	NC_089038.1.g16593					NC_089038.1.g16722			1	1	KM
OG0038524	NC_089038.1.g16611	NC_089038.1.g16479							1	1	BSM
OG0038525	NC_089038.1.g16644		NC_089038.1.g16547						1	1	CI
OG0038526	NC_089038.1.g16706					NC_089038.1.g16838			1	1	KM
OG0038527	NC_089038.1.g16862				NC_089038.1.g16799				1	1	IN
OG0038528	NC_089039.1.g17620					NC_089039.1.g17756			1	1	KM
OG0038529	NC_089039.1.g17772					NC_089039.1.g17916			1	1	KM
OG0038530	NC_089039.1.g17836	NC_089039.1.g17671							1	1	BSM
OG0038531	NC_089039.1.g17903				NC_089039.1.g17843				1	1	IN
OG0038532	NC_089039.1.g17904				NC_089039.1.g17844				1	1	IN
OG0038533	NC_089039.1.g17915					NC_089039.1.g18063			1	1	KM
OG0038534	NC_089039.1.g17986			NC_089039.1.g17837					1	1	GJ
OG0038535	NC_089039.1.g18047		NC_089039.1.g17955						1	1	CI
OG0038536	NC_089039.1.g18061					NC_089039.1.g18213			1	1	KM
OG0038537	NC_089039.1.g18062					NC_089039.1.g18214			1	1	KM
OG0038538	NC_089039.1.g18075						NC_089039.1.g18006		1	1	MPE
OG0038539	NC_089039.1.g18164		NC_089039.1.g18066						1	1	CI
OG0038540	NC_089039.1.g18191							NC_089039.1.g18133	1	1	PP
OG0038542	NC_089039.1.g18250						NC_089039.1.g18178		1	1	MPE
OG0038543	NC_089039.1.g18380							NC_089039.1.g18332	1	1	PP
OG0038544	NC_089039.1.g18406					NC_089039.1.g18552			1	1	KM
OG0038545	NC_089039.1.g18419						NC_089039.1.g18352		1	1	MPE
OG0038546	NC_089039.1.g18421					NC_089039.1.g18567			1	1	KM
OG0038547	NC_089039.1.g18474						NC_089039.1.g18408		1	1	MPE
OG0038548	NC_089039.1.g18492			NC_089039.1.g18324					1	1	GJ
OG0038549	NC_089039.1.g18544			NC_089039.1.g18382					1	1	GJ
OG0038550	NC_089039.1.g18645					NC_089039.1.g18795			1	1	KM
OG0038551	NC_089039.1.g18700					NC_089039.1.g18853			1	1	KM
OG0038552	NC_089039.1.g18706					NC_089039.1.g18859			1	1	KM
OG0038553	NC_089039.1.g18753		NC_089039.1.g18644						1	1	CI
OG0038554	NC_089039.1.g18755	NC_089039.1.g18583							1	1	BSM
OG0038555	NC_089039.1.g18756	NC_089039.1.g18584							1	1	BSM
OG0038556	NC_089039.1.g18757							NC_089039.1.g18714	1	1	PP
OG0038557	NC_089039.1.g18820			NC_089039.1.g18654					1	1	GJ
OG0038558	NC_089039.1.g18841			NC_089039.1.g18674					1	1	GJ
OG0038559	NC_089039.1.g18843						NC_089039.1.g18772		1	1	MPE
OG0038560	NC_089039.1.g18862	NC_089039.1.g18683							1	1	BSM
OG0038561	NC_089039.1.g18863			NC_089039.1.g18695					1	1	GJ
OG0038562	NC_089039.1.g18866	NC_089039.1.g18686							1	1	BSM
OG0038563	NC_089039.1.g18944			NC_089039.1.g18769					1	1	GJ
OG0038564	NC_089039.1.g18956	NC_089039.1.g18789							1	1	BSM
OG0038565	NC_089039.1.g18982					NC_089039.1.g19138			1	1	KM
OG0038566	NC_089039.1.g19212					NC_089039.1.g19371			1	1	KM
OG0038567	NC_089039.1.g19280			NC_089039.1.g19097					1	1	GJ
OG0038568	NC_089039.1.g19386					NC_089038.1.g14683			1	1	KM
OG0038569	NC_089039.1.g19425			NC_089039.1.g19245					1	1	GJ
OG0038570	NC_089039.1.g19483							NC_089039.1.g19418	1	1	PP
OG0038572	NC_089039.1.g19560					NC_089039.1.g19726			1	1	KM
OG0038573	NC_089039.1.g19583					NC_089039.1.g19748			1	1	KM
OG0038574	NC_089039.1.g19597			NC_089039.1.g19418					1	1	GJ
OG0038575	NC_089039.1.g19742					NC_089039.1.g19910			1	1	KM
OG0038576	NC_089039.1.g19789					NC_089039.1.g19964			1	1	KM
OG0038577	NC_089039.1.g19862					NC_089039.1.g20031			1	1	KM
OG0038578	NC_089039.1.g19951				NC_089039.1.g19907				1	1	IN
OG0038579	NC_089039.1.g20099					NC_089039.1.g20271			1	1	KM
OG0038580	NC_089039.1.g20167					NC_089039.1.g20339			1	1	KM
OG0038581	NC_089039.1.g20483							NC_089039.1.g20406	1	1	PP
OG0038582	NC_089039.1.g20525			NC_089039.1.g20354					1	1	GJ
OG0038583	NC_089039.1.g20537					NC_089039.1.g20707			1	1	KM
OG0038584	NC_089039.1.g20598					NC_089039.1.g20769			1	1	KM
OG0038585	NC_089040.1.g20750		NC_089040.1.g20652						1	1	CI
OG0038586	NC_089040.1.g20844	NC_089040.1.g20698							1	1	BSM
OG0038587	NC_089040.1.g20857			NC_089040.1.g20678					1	1	GJ
OG0038588	NC_089040.1.g21054							NC_089040.1.g20970	1	1	PP
OG0038589	NC_089040.1.g21193							NC_089040.1.g21111	1	1	PP
OG0038590	NC_089040.1.g21242				NC_089040.1.g21208				1	1	IN
OG0038591	NC_089040.1.g21378							NC_089040.1.g21292	1	1	PP
OG0038592	NC_089040.1.g21423			NC_089040.1.g21232					1	1	GJ
OG0038593	NC_089040.1.g21554		NC_089040.1.g21444						1	1	CI
OG0038594	NC_089040.1.g21601							NC_089040.1.g21502	1	1	PP
OG0038595	NC_089040.1.g21697	NC_089040.1.g21539							1	1	BSM
OG0038596	NC_089040.1.g21708					NC_089040.1.g21866			1	1	KM
OG0038597	NC_089040.1.g21808						NC_089040.1.g21687		1	1	MPE
OG0038598	NC_089040.1.g21851			NC_089040.1.g21629					1	1	GJ
OG0038599	NC_089040.1.g21904	NC_089040.1.g21739							1	1	BSM
OG0038600	NC_089040.1.g21923				NC_089040.1.g21879				1	1	IN
OG0038601	NC_089040.1.g21951		NC_089040.1.g21837						1	1	CI
OG0038602	NC_089040.1.g22008							NC_089040.1.g21910	1	1	PP
OG0038603	NC_089040.1.g22105					NC_089040.1.g22262			1	1	KM
OG0038604	NC_089040.1.g22140			NC_089040.1.g21905					1	1	GJ
OG0038605	NC_089040.1.g22217				NC_089040.1.g22186				1	1	IN
OG0038606	NC_089040.1.g22223				NC_089040.1.g22193				1	1	IN
OG0038607	NC_089040.1.g22259			NC_089040.1.g22023					1	1	GJ
OG0038608	NC_089040.1.g22312			NC_089040.1.g22068					1	1	GJ
OG0038609	NC_089040.1.g22341							NC_089041.1.g25377	1	1	PP
OG0038610	NC_089040.1.g22353			NC_089040.1.g22107					1	1	GJ
OG0038611	NC_089040.1.g22356			NC_089040.1.g22110					1	1	GJ
OG0038612	NC_089040.1.g22364	NC_089040.1.g22210							1	1	BSM
OG0038613	NC_089040.1.g22370				NC_089040.1.g22337				1	1	IN
OG0038614	NC_089040.1.g22380					NC_089040.1.g22551			1	1	KM
OG0038615	NC_089040.1.g22420						NC_089040.1.g22275		1	1	MPE
OG0038616	NC_089040.1.g22422					NC_089040.1.g22586			1	1	KM
OG0038617	NC_089040.1.g22484				NC_089040.1.g22441				1	1	IN
OG0038618	NC_089040.1.g22488					NC_089040.1.g22649			1	1	KM
OG0038619	NC_089040.1.g22525							NC_089040.1.g22415	1	1	PP
OG0038621	NC_089040.1.g22543			NC_089040.1.g22263					1	1	GJ
OG0038622	NC_089040.1.g22554						NC_089040.1.g22406		1	1	MPE
OG0038623	NC_089040.1.g22563			NC_089040.1.g22280					1	1	GJ
OG0038624	NC_089040.1.g22583					NC_089040.1.g22749			1	1	KM
OG0038625	NC_089040.1.g22604		NC_089040.1.g22483						1	1	CI
OG0038626	NC_089040.1.g22628					NC_089040.1.g22799			1	1	KM
OG0038627	NC_089040.1.g22640	NC_089040.1.g22474							1	1	BSM
OG0038628	NC_089040.1.g22717				NC_089040.1.g22676				1	1	IN
OG0038629	NC_089040.1.g22783						NC_089040.1.g22624		1	1	MPE
OG0038630	NC_089040.1.g22858	NC_089040.1.g22691							1	1	BSM
OG0038631	NC_089040.1.g22863						NC_089040.1.g22704		1	1	MPE
OG0038632	NC_089040.1.g22965		NC_089040.1.g22849						1	1	CI
OG0038633	NC_089040.1.g23034				NC_089040.1.g23006				1	1	IN
OG0038634	NC_089040.1.g23055			NC_089040.1.g22758					1	1	GJ
OG0038635	NC_089040.1.g23067			NC_089040.1.g22770					1	1	GJ
OG0038636	NC_089040.1.g23278					NC_089040.1.g23453			1	1	KM
OG0038637	NC_089040.1.g23379				NC_089040.1.g23346				1	1	IN
OG0038638	NC_089040.1.g23392							NC_089040.1.g23273	1	1	PP
OG0038639	NC_089040.1.g23394			NC_089040.1.g23094					1	1	GJ
OG0038640	NC_089040.1.g23438	NC_089040.1.g23271							1	1	BSM
OG0038641	NC_089040.1.g23464			NC_089040.1.g23161					1	1	GJ
OG0038642	NC_089040.1.g23500	NC_089040.1.g23331							1	1	BSM
OG0038643	NC_089040.1.g23927		NC_089040.1.g23803						1	1	CI
OG0038644	NC_089040.1.g23966					NC_089040.1.g24124			1	1	KM
OG0038645	NC_089041.1.g24029			NC_089041.1.g23725					1	1	GJ
OG0038646	NC_089041.1.g24033			NC_089035.1.g908					1	1	GJ
OG0038647	NC_089041.1.g24130		NC_089041.1.g24007						1	1	CI
OG0038648	NC_089041.1.g24273				NC_089041.1.g24220				1	1	IN
OG0038649	NC_089041.1.g24353			NC_089041.1.g24027					1	1	GJ
OG0038650	NC_089041.1.g24355				NC_089041.1.g24300				1	1	IN
OG0038651	NC_089041.1.g24365			NC_089041.1.g24039					1	1	GJ
OG0038652	NC_089041.1.g24394					NC_089041.1.g24541			1	1	KM
OG0038653	NC_089041.1.g24500		NC_089041.1.g24355						1	1	CI
OG0038654	NC_089041.1.g24564					NC_089041.1.g24722			1	1	KM
OG0038655	NC_089041.1.g24579				NC_089041.1.g24537				1	1	IN
OG0038656	NC_089041.1.g24607					NC_089041.1.g24762			1	1	KM
OG0038657	NC_089041.1.g24648			NC_089041.1.g24334					1	1	GJ
OG0038659	NC_089041.1.g24873			NC_089041.1.g24554					1	1	GJ
OG0038660	NC_089041.1.g24973					NC_089041.1.g25121			1	1	KM
OG0038661	NC_089041.1.g24995			NC_089041.1.g24672					1	1	GJ
OG0038662	NC_089041.1.g25100				NC_089041.1.g25057				1	1	IN
OG0038663	NC_089041.1.g25121	NC_089035.1.g4493							1	1	BSM
OG0038664	NC_089041.1.g25143						NC_089041.1.g24953		1	1	MPE
OG0038665	NC_089041.1.g25191					NC_089041.1.g25360			1	1	KM
OG0038666	NC_089041.1.g25199					NC_089041.1.g25366			1	1	KM
OG0038667	NC_089041.1.g25211							NC_089041.1.g25078	1	1	PP
OG0038668	NC_089041.1.g25272		NC_089041.1.g25114						1	1	CI
OG0038669	NC_089041.1.g25275	NC_089045.1.g36295							1	1	BSM
OG0038670	NC_089041.1.g25316				NC_089041.1.g25270				1	1	IN
OG0038671	NC_089041.1.g25365			NC_089041.1.g25052					1	1	GJ
OG0038672	NC_089041.1.g25373			NC_089041.1.g25061					1	1	GJ
OG0038673	NC_089041.1.g25430					NC_089041.1.g25603			1	1	KM
OG0038674	NC_089041.1.g25474							NC_089041.1.g25345	1	1	PP
OG0038675	NC_089041.1.g25478					NC_089041.1.g25648			1	1	KM
OG0038676	NC_089041.1.g25479					NC_089041.1.g25649			1	1	KM
OG0038677	NC_089041.1.g25572					NC_089041.1.g25742			1	1	KM
OG0038678	NC_089041.1.g25642	NC_089041.1.g25474							1	1	BSM
OG0038679	NC_089041.1.g25672					NC_089041.1.g25842			1	1	KM
OG0038680	NC_089041.1.g25721					NC_089041.1.g25891			1	1	KM
OG0038681	NC_089041.1.g25731			NC_089041.1.g25393					1	1	GJ
OG0038682	NC_089041.1.g25833	NC_089041.1.g25663							1	1	BSM
OG0038683	NC_089041.1.g25867						NC_089041.1.g25661		1	1	MPE
OG0038684	NC_089041.1.g25874					NC_089041.1.g26034			1	1	KM
OG0038685	NC_089041.1.g26053							NC_089041.1.g25936	1	1	PP
OG0038686	NC_089041.1.g26076						NC_089041.1.g25880		1	1	MPE
OG0038687	NC_089041.1.g26097						NC_089041.1.g25899		1	1	MPE
OG0038688	NC_089041.1.g26163							NC_089041.1.g26038	1	1	PP
OG0038689	NC_089041.1.g26165		NC_089041.1.g26002						1	1	CI
OG0038690	NC_089041.1.g26317					NC_089041.1.g26479			1	1	KM
OG0038691	NC_089041.1.g26468							NC_089041.1.g26352	1	1	PP
OG0038692	NC_089041.1.g26472					NC_089041.1.g26659			1	1	KM
OG0038693	NC_089041.1.g26501			NC_089041.1.g26144					1	1	GJ
OG0038694	NC_089041.1.g26552					NC_089041.1.g26742			1	1	KM
OG0038696	NC_089041.1.g26905						NC_089041.1.g26718		1	1	MPE
OG0038697	NC_089041.1.g26929						NC_089041.1.g26742		1	1	MPE
OG0038698	NC_089041.1.g26992			NC_089041.1.g26634					1	1	GJ
OG0038699	NC_089041.1.g27039			NC_089036.1.g8932					1	1	GJ
OG0038700	NC_089041.1.g27043				NC_089041.1.g26987				1	1	IN
OG0038701	NC_089041.1.g27061					NC_089041.1.g27253			1	1	KM
OG0038702	NC_089041.1.g27120					NC_089041.1.g27311			1	1	KM
OG0038703	NC_089041.1.g27142					NC_089041.1.g27333			1	1	KM
OG0038704	NC_089042.1.g27408		NC_089042.1.g27238						1	1	CI
OG0038705	NC_089042.1.g27434			NC_089042.1.g27070					1	1	GJ
OG0038706	NC_089042.1.g27519			NC_089042.1.g27159					1	1	GJ
OG0038707	NC_089042.1.g27637					NC_089042.1.g27817			1	1	KM
OG0038708	NC_089042.1.g27805					NC_089042.1.g28002			1	1	KM
OG0038709	NC_089042.1.g27809							NC_089042.1.g27713	1	1	PP
OG0038710	NC_089042.1.g27871				NC_089037.1.g12333				1	1	IN
OG0038711	NC_089042.1.g27935					NC_089042.1.g28136			1	1	KM
OG0038712	NC_089042.1.g27967					NC_089042.1.g28172			1	1	KM
OG0038713	NC_089042.1.g28003					NC_089042.1.g28206			1	1	KM
OG0038714	NC_089042.1.g28091				NC_089042.1.g28051				1	1	IN
OG0038715	NC_089042.1.g28101			NC_089042.1.g27742					1	1	GJ
OG0038716	NC_089042.1.g28113							NC_089042.1.g28020	1	1	PP
OG0038717	NC_089042.1.g28146	NC_089042.1.g27972							1	1	BSM
OG0038718	NC_089042.1.g28147	NC_089042.1.g27973							1	1	BSM
OG0038719	NC_089042.1.g28230							NC_089036.1.g7474	1	1	PP
OG0038720	NC_089042.1.g28337				NC_089042.1.g28292				1	1	IN
OG0038721	NC_089042.1.g28340	NC_089042.1.g28166							1	1	BSM
OG0038722	NC_089042.1.g28374				NC_089042.1.g28330				1	1	IN
OG0038723	NC_089042.1.g28397		NC_089042.1.g28244						1	1	CI
OG0038724	NC_089042.1.g28427					NC_089042.1.g28616			1	1	KM
OG0038725	NC_089042.1.g28492	NC_089042.1.g28327							1	1	BSM
OG0038727	NC_089042.1.g28530					NC_089042.1.g28719			1	1	KM
OG0038729	NC_089042.1.g28603			NC_089042.1.g28203					1	1	GJ
OG0038730	NC_089042.1.g28644			NC_089042.1.g28242					1	1	GJ
OG0038731	NC_089042.1.g28660	NC_089042.1.g28496							1	1	BSM
OG0038732	NC_089042.1.g28663			NC_089042.1.g28259					1	1	GJ
OG0038733	NC_089042.1.g28698			NC_089040.1.g21678					1	1	GJ
OG0038734	NC_089042.1.g28715					NC_089042.1.g28904			1	1	KM
OG0038735	NC_089042.1.g28790							NC_089042.1.g28701	1	1	PP
OG0038736	NC_089042.1.g28791							NC_089042.1.g28702	1	1	PP
OG0038737	NC_089042.1.g28799					NC_089042.1.g28983			1	1	KM
OG0038738	NC_089042.1.g28953		NC_089042.1.g28804						1	1	CI
OG0038739	NC_089042.1.g29002					NC_089042.1.g29184			1	1	KM
OG0038740	NC_089042.1.g29088			NC_089042.1.g28659					1	1	GJ
OG0038741	NC_089042.1.g29153					NC_089042.1.g29333			1	1	KM
OG0038742	NC_089042.1.g29156		NC_089038.1.g16251						1	1	CI
OG0038743	NC_089042.1.g29208			NC_089042.1.g28777					1	1	GJ
OG0038745	NC_089043.1.g30023					NC_089043.1.g30249			1	1	KM
OG0038746	NC_089043.1.g30025			NC_089043.1.g29601					1	1	GJ
OG0038747	NC_089043.1.g30028				NC_089043.1.g29977				1	1	IN
OG0038748	NC_089043.1.g30044				NC_089043.1.g29990				1	1	IN
OG0038749	NC_089043.1.g30054			NC_089043.1.g29623					1	1	GJ
OG0038750	NC_089043.1.g30067					NC_089043.1.g30289			1	1	KM
OG0038751	NC_089043.1.g30091			NC_089043.1.g29659					1	1	GJ
OG0038752	NC_089043.1.g30108					NC_089043.1.g30332			1	1	KM
OG0038753	NC_089043.1.g30141					NC_089043.1.g30369			1	1	KM
OG0038754	NC_089043.1.g30290			NC_089043.1.g29882					1	1	GJ
OG0038755	NC_089043.1.g30308			NC_089043.1.g29901					1	1	GJ
OG0038756	NC_089043.1.g30309			NC_089043.1.g29902					1	1	GJ
OG0038757	NC_089043.1.g30311					NC_089043.1.g30563			1	1	KM
OG0038758	NC_089043.1.g30331					NC_089043.1.g30581			1	1	KM
OG0038759	NC_089043.1.g30442	NC_089043.1.g30300							1	1	BSM
OG0038760	NC_089043.1.g30455				NC_089043.1.g30395				1	1	IN
OG0038761	NC_089043.1.g30456	NC_089043.1.g30312							1	1	BSM
OG0038762	NC_089043.1.g30466				NC_089043.1.g30408				1	1	IN
OG0038763	NC_089043.1.g30470				NC_089043.1.g30411				1	1	IN
OG0038764	NC_089043.1.g30482				NC_089043.1.g30423				1	1	IN
OG0038765	NC_089043.1.g30581	NC_089043.1.g30440							1	1	BSM
OG0038766	NC_089043.1.g30621	NC_089043.1.g30478							1	1	BSM
OG0038767	NC_089043.1.g30644			NC_089043.1.g30234					1	1	GJ
OG0038768	NC_089043.1.g30655					NC_089043.1.g30926			1	1	KM
OG0038769	NC_089043.1.g30726						NC_089043.1.g30484		1	1	MPE
OG0038770	NC_089043.1.g30794				NC_089043.1.g30747				1	1	IN
OG0038771	NC_089043.1.g30955						NC_089043.1.g30711		1	1	MPE
OG0038772	NC_089043.1.g30960							NC_089043.1.g30900	1	1	PP
OG0038773	NC_089043.1.g31079	NC_089035.1.g5075							1	1	BSM
OG0038774	NC_089043.1.g31097	NC_089043.1.g30934							1	1	BSM
OG0038775	NC_089043.1.g31130			NC_089043.1.g30685					1	1	GJ
OG0038776	NC_089043.1.g31158						NC_089043.1.g30899		1	1	MPE
OG0038777	NC_089043.1.g31184				NC_089043.1.g31129				1	1	IN
OG0038778	NC_089043.1.g31188			NC_089043.1.g30743					1	1	GJ
OG0038779	NC_089043.1.g31221					NC_089043.1.g31483			1	1	KM
OG0038780	NC_089043.1.g31312				NC_089043.1.g31253				1	1	IN
OG0038781	NC_089043.1.g31461							NC_089043.1.g31375	1	1	PP
OG0038782	NC_089043.1.g31472						NC_089043.1.g31213		1	1	MPE
OG0038783	NC_089043.1.g31476						NC_089043.1.g31219		1	1	MPE
OG0038784	NC_089043.1.g31490				NC_089043.1.g31429				1	1	IN
OG0038785	NC_089043.1.g31591			NC_089043.1.g31151					1	1	GJ
OG0038786	NC_089043.1.g31624					NC_089043.1.g31888			1	1	KM
OG0038787	NC_089043.1.g31643					NC_089043.1.g31908			1	1	KM
OG0038788	NC_089043.1.g31788	NC_089039.1.g18799							1	1	BSM
OG0038789	NC_089043.1.g31982				NC_089043.1.g31937				1	1	IN
OG0038790	NC_089044.1.g32235	NC_089044.1.g32071							1	1	BSM
OG0038791	NC_089044.1.g32276		NC_089044.1.g32086						1	1	CI
OG0038792	NC_089044.1.g32297					NC_089044.1.g32574			1	1	KM
OG0038793	NC_089044.1.g32334						NC_089044.1.g32073		1	1	MPE
OG0038794	NC_089044.1.g32335					NC_089044.1.g32614			1	1	KM
OG0038795	NC_089044.1.g32337						NC_089044.1.g32079		1	1	MPE
OG0038796	NC_089044.1.g32394		NC_089044.1.g32200						1	1	CI
OG0038797	NC_089044.1.g32432					NC_089044.1.g32707			1	1	KM
OG0038798	NC_089044.1.g32442					NC_089044.1.g32717			1	1	KM
OG0038799	NC_089044.1.g32446			NC_089044.1.g32012					1	1	GJ
OG0038800	NC_089044.1.g32450					NC_089044.1.g32723			1	1	KM
OG0038801	NC_089044.1.g32480		NC_089044.1.g32289						1	1	CI
OG0038802	NC_089044.1.g32564	NC_089044.1.g32428							1	1	BSM
OG0038803	NC_089044.1.g32565	NC_089044.1.g32429							1	1	BSM
OG0038804	NC_089044.1.g32600	NC_089044.1.g32466							1	1	BSM
OG0038805	NC_089044.1.g32644					NC_089044.1.g32937			1	1	KM
OG0038806	NC_089044.1.g32690					NC_089044.1.g32988			1	1	KM
OG0038807	NC_089044.1.g32782	NC_089044.1.g32660							1	1	BSM
OG0038808	NC_089044.1.g32802				NC_089044.1.g32805				1	1	IN
OG0038809	NC_089044.1.g32928	NC_089044.1.g32811							1	1	BSM
OG0038810	NC_089044.1.g33079						NC_089044.1.g32844		1	1	MPE
OG0038811	NC_089044.1.g33152				NC_089044.1.g33176				1	1	IN
OG0038812	NC_089044.1.g33168					NC_089044.1.g33490			1	1	KM
OG0038813	NC_089044.1.g33205					NC_089044.1.g33529			1	1	KM
OG0038814	NC_089044.1.g33211					NC_089044.1.g33535			1	1	KM
OG0038815	NC_089044.1.g33246					NC_089044.1.g33575			1	1	KM
OG0038816	NC_089044.1.g33274							NC_089044.1.g33259	1	1	PP
OG0038817	NC_089044.1.g33346					NC_089044.1.g33674			1	1	KM
OG0038818	NC_089044.1.g33402					NC_089044.1.g33738			1	1	KM
OG0038819	NC_089044.1.g33403					NC_089044.1.g33739			1	1	KM
OG0038820	NC_089044.1.g33429					NC_089044.1.g33770			1	1	KM
OG0038821	NC_089044.1.g33442					NC_089044.1.g33787			1	1	KM
OG0038822	NC_089044.1.g33472					NC_089044.1.g33812			1	1	KM
OG0038823	NC_089044.1.g33508					NC_089044.1.g33848			1	1	KM
OG0038824	NC_089044.1.g33530							NC_089044.1.g33523	1	1	PP
OG0038825	NC_089044.1.g33562					NC_089044.1.g33901			1	1	KM
OG0038826	NC_089044.1.g33697					NC_089044.1.g34036			1	1	KM
OG0038827	NC_089044.1.g34184					NC_089044.1.g34522			1	1	KM
OG0038828	NC_089044.1.g34381					NC_089044.1.g34723			1	1	KM
OG0038829	NC_089044.1.g34404			NC_089044.1.g33960					1	1	GJ
OG0038830	NC_089044.1.g34445				NC_089044.1.g34462				1	1	IN
OG0038831	NC_089045.1.g34485			NC_089045.1.g34040					1	1	GJ
OG0038832	NC_089045.1.g34529			NC_089045.1.g34081					1	1	GJ
OG0038833	NC_089045.1.g34609					NC_089045.1.g34943			1	1	KM
OG0038834	NC_089045.1.g34872			NC_089045.1.g34424					1	1	GJ
OG0038835	NC_089045.1.g34976					NC_089045.1.g35308			1	1	KM
OG0038836	NC_089045.1.g34977					NC_089045.1.g35309			1	1	KM
OG0038837	NC_089045.1.g35123					NC_089045.1.g35446			1	1	KM
OG0038838	NC_089045.1.g35133		NC_089045.1.g34904						1	1	CI
OG0038839	NC_089045.1.g35203			NC_089045.1.g34757					1	1	GJ
OG0038840	NC_089045.1.g35317							NC_089045.1.g35309	1	1	PP
OG0038841	NC_089045.1.g35404						NC_089045.1.g35189		1	1	MPE
OG0038842	NC_089045.1.g35478				NC_089045.1.g35502				1	1	IN
OG0038843	NC_089045.1.g35657			NC_089045.1.g35207					1	1	GJ
OG0038844	NC_089045.1.g35738				NC_089045.1.g35774				1	1	IN
OG0038845	NC_089045.1.g35763					NC_089045.1.g36121			1	1	KM
OG0038846	NC_089045.1.g35796			NC_089045.1.g35348					1	1	GJ
OG0038847	NC_089045.1.g35798					NC_089045.1.g36155			1	1	KM
OG0038848	NC_089045.1.g35819					NC_089045.1.g36174			1	1	KM
OG0038849	NC_089045.1.g35820					NC_089045.1.g36175			1	1	KM
OG0038850	NC_089045.1.g35855					NC_089045.1.g36214			1	1	KM
OG0038851	NC_089045.1.g35892					NC_089045.1.g36251			1	1	KM
OG0038852	NC_089045.1.g35991		NC_089045.1.g35764						1	1	CI
OG0038853	NC_089045.1.g35996			NC_089045.1.g35552					1	1	GJ
OG0038854	NC_089045.1.g36110				NC_089045.1.g36132				1	1	IN
OG0038855	NC_089045.1.g36119							NC_089045.1.g36103	1	1	PP
OG0038856	NC_089045.1.g36120					NC_089045.1.g36485			1	1	KM
OG0038857	NC_089045.1.g36138				NC_089045.1.g36159				1	1	IN
OG0038858	NC_089045.1.g36159							NC_089045.1.g36138	1	1	PP
OG0038859	NC_089045.1.g36287				NC_089045.1.g36316				1	1	IN
OG0038860	NC_089045.1.g36445	NC_089045.1.g36300							1	1	BSM
OG0038861	NC_089045.1.g36464					NC_089045.1.g36830			1	1	KM
OG0038862	NC_089045.1.g36517							NC_089045.1.g36485	1	1	PP
OG0038863	NC_089045.1.g36695	NC_089045.1.g36545							1	1	BSM
OG0038864	NC_089045.1.g36713					NC_089045.1.g37068			1	1	KM
OG0038865	NC_089045.1.g36721			NC_089045.1.g36237					1	1	GJ
OG0038866	NC_089045.1.g36884			NC_089045.1.g36388					1	1	GJ
OG0038867	NC_089045.1.g36890						NC_089045.1.g36641		1	1	MPE
OG0038868	NC_089045.1.g36976							NC_089045.1.g36931	1	1	PP
OG0038869	NC_089045.1.g37048						NC_089045.1.g36793		1	1	MPE
OG0038870	NC_089045.1.g37053					NC_089045.1.g37421			1	1	KM
OG0038871	NC_089045.1.g37092						NC_089045.1.g36835		1	1	MPE
OG0038872	NC_089045.1.g37226			NC_089045.1.g36694					1	1	GJ
OG0038873	NC_089045.1.g37258				NC_089045.1.g37272				1	1	IN
OG0038874	NC_089046.1.g37385			NC_089046.1.g36848					1	1	GJ
OG0038875	NC_089046.1.g37494					NC_089046.1.g37850			1	1	KM
OG0038876	NC_089046.1.g37594		NC_089046.1.g37351						1	1	CI
OG0038877	NC_089046.1.g37680			NC_089046.1.g37142					1	1	GJ
OG0038878	NC_089046.1.g37785			NC_089046.1.g37250					1	1	GJ
OG0038879	NC_089046.1.g37836					NC_089046.1.g38204			1	1	KM
OG0038880	NC_089046.1.g37860				NC_089046.1.g37885				1	1	IN
OG0038881	NC_089046.1.g37887					NC_089046.1.g38258			1	1	KM
OG0038882	NC_089046.1.g37905	NC_089046.1.g37740							1	1	BSM
OG0038883	NC_089046.1.g37948					NC_089046.1.g38319			1	1	KM
OG0038884	NC_089046.1.g37949					NC_089046.1.g38320			1	1	KM
OG0038885	NC_089046.1.g37955					NC_089046.1.g38326			1	1	KM
OG0038886	NC_089046.1.g37969					NC_089046.1.g38336			1	1	KM
OG0038887	NC_089046.1.g37976		NC_089046.1.g37745						1	1	CI
OG0038888	NC_089046.1.g38034			NC_089046.1.g37486					1	1	GJ
OG0038889	NC_089046.1.g38127			NC_089046.1.g37590					1	1	GJ
OG0038890	NC_089046.1.g38128			NC_089046.1.g37591					1	1	GJ
OG0038891	NC_089046.1.g38163				NC_089046.1.g38190				1	1	IN
OG0038892	NC_089046.1.g38199				NC_089046.1.g38230				1	1	IN
OG0038893	NC_089046.1.g38205	NC_089046.1.g38046							1	1	BSM
OG0038894	NC_089046.1.g38214		NC_089046.1.g37977						1	1	CI
OG0038895	NC_089046.1.g38263			NC_089046.1.g37723					1	1	GJ
OG0038896	NC_089046.1.g38271			NC_089046.1.g37733					1	1	GJ
OG0038897	NC_089046.1.g38278					NC_089046.1.g38655			1	1	KM
OG0038898	NC_089046.1.g38284			NC_089046.1.g37747					1	1	GJ
OG0038899	NC_089046.1.g38321					NC_089046.1.g38698			1	1	KM
OG0038900	NC_089046.1.g38356						NC_089046.1.g38084		1	1	MPE
OG0038901	NC_089046.1.g38357					NC_089046.1.g38734			1	1	KM
OG0038902	NC_089046.1.g38417				NC_089046.1.g38446				1	1	IN
OG0038903	NC_089046.1.g38448						NC_089046.1.g38164		1	1	MPE
OG0038904	NC_089046.1.g38494			NC_089046.1.g37952					1	1	GJ
OG0038905	NC_089046.1.g38521			NC_089046.1.g37973					1	1	GJ
OG0038906	NC_089046.1.g38523				NC_089046.1.g38558				1	1	IN
OG0038907	NC_089046.1.g38570							NC_089046.1.g38493	1	1	PP
OG0038908	NC_089046.1.g38573				NC_089046.1.g38611				1	1	IN
OG0038909	NC_089046.1.g38574					NC_089046.1.g38948			1	1	KM
OG0038910	NC_089046.1.g38579							NC_089046.1.g38504	1	1	PP
OG0038911	NC_089046.1.g38591					NC_089046.1.g38968			1	1	KM
OG0038912	NC_089046.1.g38623	NC_089046.1.g38474							1	1	BSM
OG0038913	NC_089046.1.g38629		NC_089046.1.g38382						1	1	CI
OG0038914	NC_089046.1.g38649			NC_089046.1.g38105					1	1	GJ
OG0038915	NC_089046.1.g38654			NC_089046.1.g38111					1	1	GJ
OG0038916	NC_089046.1.g38666					NC_089046.1.g39060			1	1	KM
OG0038917	NC_089046.1.g38715					NC_089046.1.g39117			1	1	KM
OG0038918	NC_089046.1.g38794						NC_089046.1.g38513		1	1	MPE
OG0038919	NC_089046.1.g38815				NC_089046.1.g38863				1	1	IN
OG0038920	NC_089046.1.g38885					NC_089046.1.g39290			1	1	KM
OG0038921	NC_089046.1.g39088			NC_089046.1.g38544					1	1	GJ
OG0038922	NC_089046.1.g39116			NC_089046.1.g38568					1	1	GJ
OG0038923	NC_089046.1.g39184					NC_089046.1.g39597			1	1	KM
OG0038924	NC_089046.1.g39360				NC_089046.1.g39418				1	1	IN
OG0038925	NC_089046.1.g39384		NC_089046.1.g39146						1	1	CI
OG0038926	NC_089046.1.g39534			NC_089046.1.g38986					1	1	GJ
OG0038927	NC_089046.1.g39591				NC_089035.1.g3318				1	1	IN
OG0038941		NC_089035.1.g1492, NC_089040.1.g21922							1	0	BSM
OG0039030		NC_089037.1.g10794, NC_089044.1.g34083							1	0	BSM
OG0039079		NC_089038.1.g14614, NC_089043.1.g31779							1	0	BSM
OG0039095		NC_089038.1.g15170, NC_089045.1.g36907							1	0	BSM
OG0039105		NC_089038.1.g16159, NC_089041.1.g26489							1	0	BSM
OG0039231		NC_089041.1.g25749, NC_089041.1.g25755							1	0	BSM
OG0039281		NC_089042.1.g28730, NC_089042.1.g28731							1	0	BSM
OG0039322		NC_089044.1.g32127, NC_089044.1.g32129							1	0	BSM
OG0039440			NC_089035.1.g409, NC_089038.1.g16043						1	0	CI
OG0039544			NC_089037.1.g11803, NC_089044.1.g32476						1	0	CI
OG0039613			NC_089039.1.g18786, NC_089046.1.g38292						1	0	CI
OG0039764			NC_089045.1.g34747, NC_089046.1.g38851						1	0	CI
OG0039879				NC_089036.1.g5957, NC_089045.1.g36534					1	0	GJ
OG0039891				NC_089036.1.g6816, NC_089039.1.g18721					1	0	GJ
OG0039948				NC_089037.1.g13633, NC_089042.1.g28475					1	0	GJ
OG0039952				NC_089038.1.g14215, NC_089038.1.g14218					1	0	GJ
OG0039972				NC_089038.1.g15053, NC_089044.1.g33023					1	0	GJ
OG0039994				NC_089039.1.g17509, NC_089046.1.g38465					1	0	GJ
OG0039998				NC_089039.1.g17862, NC_089040.1.g21207					1	0	GJ
OG0040022				NC_089039.1.g19413, NC_089045.1.g34122					1	0	GJ
OG0040067				NC_089041.1.g24829, NC_089046.1.g37728					1	0	GJ
OG0040107				NC_089042.1.g27772, NC_089042.1.g27775					1	0	GJ
OG0040129				NC_089043.1.g29538, NC_089043.1.g29541					1	0	GJ
OG0040254					NC_089035.1.g2113, NC_089039.1.g18313				1	0	IN
OG0040265					NC_089035.1.g4123, NC_089043.1.g31121				1	0	IN
OG0040336					NC_089038.1.g16439, NC_089041.1.g24087				1	0	IN
OG0040359					NC_089039.1.g19644, NC_089041.1.g26391				1	0	IN
OG0040437					NC_089043.1.g29962, NC_089043.1.g31425				1	0	IN
OG0040451					NC_089044.1.g32361, NC_089044.1.g33505				1	0	IN
OG0040453					NC_089044.1.g32521, NC_089044.1.g34216				1	0	IN
OG0040524						NC_089035.1.g913, NC_089043.1.g30806			1	0	KM
OG0040528						NC_089035.1.g3564, NC_089036.1.g7660			1	0	KM
OG0040531						NC_089036.1.g5955, NC_089041.1.g26156			1	0	KM
OG0040533						NC_089036.1.g6126, NC_089037.1.g12300			1	0	KM
OG0040544						NC_089037.1.g12237, NC_089044.1.g34022			1	0	KM
OG0040549						NC_089037.1.g13967, NC_089045.1.g36402			1	0	KM
OG0040556						NC_089038.1.g16525, NC_089041.1.g26745			1	0	KM
OG0040563						NC_089039.1.g20469, NC_089039.1.g20482			1	0	KM
OG0040564						NC_089040.1.g21161, NC_089040.1.g21163			1	0	KM
OG0040565						NC_089040.1.g21580, NC_089042.1.g29095			1	0	KM
OG0040567						NC_089040.1.g22157, NC_089045.1.g37339			1	0	KM
OG0040588						NC_089044.1.g33307, NC_089044.1.g33993			1	0	KM
OG0040618							NC_089035.1.g1733, NC_089038.1.g16124		1	0	MPE
OG0040625							NC_089035.1.g3233, NC_089043.1.g30591		1	0	MPE
OG0040627							NC_089035.1.g3335, NC_089046.1.g38350		1	0	MPE
OG0040630							NC_089035.1.g5232, NC_089046.1.g39286		1	0	MPE
OG0040635							NC_089036.1.g7907, NC_089046.1.g37821		1	0	MPE
OG0040637							NC_089036.1.g8124, NC_089045.1.g36822		1	0	MPE
OG0040647							NC_089037.1.g12000, NC_089043.1.g30261		1	0	MPE
OG0040665							NC_089038.1.g15078, NC_089046.1.g37631		1	0	MPE
OG0040670							NC_089039.1.g17941, NC_089044.1.g33566		1	0	MPE
OG0040672							NC_089039.1.g18274, NC_089039.1.g18275		1	0	MPE
OG0040674							NC_089039.1.g20253, NC_089042.1.g28588		1	0	MPE
OG0040687							NC_089041.1.g26128, NC_089046.1.g37597		1	0	MPE
OG0040732								NC_089035.1.g2037, NC_089043.1.g30202	1	0	PP
OG0040733								NC_089036.1.g7352, NC_089038.1.g15437	1	0	PP
OG0040734								NC_089037.1.g11631, NC_089040.1.g22935	1	0	PP
OG0040735								NC_089041.1.g24070, NC_089041.1.g24082	1	0	PP
OG0040736								NC_089042.1.g27677, NC_089042.1.g27890	1	0	PP
