cultivar	orthogroup_label	gene_id
BSM	OG0041223	NC_089035.1.g98
BSM	OG0041224	NC_089035.1.g166
BSM	OG0041225	NC_089035.1.g356
BSM	OG0041226	NC_089035.1.g375
BSM	OG0041227	NC_089035.1.g464
BSM	OG0041228	NC_089035.1.g466
BSM	OG0041229	NC_089035.1.g617
BSM	OG0041230	NC_089035.1.g682
BSM	OG0041231	NC_089035.1.g989
BSM	OG0041232	NC_089035.1.g1224
BSM	OG0041233	NC_089035.1.g1784
BSM	OG0041234	NC_089035.1.g1858
BSM	OG0041235	NC_089035.1.g1905
BSM	OG0041236	NC_089035.1.g1935
BSM	OG0041237	NC_089035.1.g1958
BSM	OG0041238	NC_089035.1.g2083
BSM	OG0041239	NC_089035.1.g2094
BSM	OG0041240	NC_089035.1.g2113
BSM	OG0041241	NC_089035.1.g2269
BSM	OG0041242	NC_089035.1.g2289
BSM	OG0041243	NC_089035.1.g2324
BSM	OG0041244	NC_089035.1.g2416
BSM	OG0041245	NC_089035.1.g2570
BSM	OG0041246	NC_089035.1.g2768
BSM	OG0041247	NC_089035.1.g3075
BSM	OG0041248	NC_089035.1.g3255
BSM	OG0041249	NC_089035.1.g3898
BSM	OG0041250	NC_089035.1.g3981
BSM	OG0041251	NC_089035.1.g4230
BSM	OG0041252	NC_089035.1.g4278
BSM	OG0041253	NC_089035.1.g4425
BSM	OG0041254	NC_089035.1.g4734
BSM	OG0041255	NC_089035.1.g4762
BSM	OG0041256	NC_089035.1.g5220
BSM	OG0041257	NC_089035.1.g5263
BSM	OG0041258	NC_089036.1.g5383
BSM	OG0041259	NC_089036.1.g5385
BSM	OG0041260	NC_089036.1.g5426
BSM	OG0041261	NC_089036.1.g5750
BSM	OG0041262	NC_089036.1.g5779
BSM	OG0041263	NC_089036.1.g5953
BSM	OG0041264	NC_089036.1.g6112
BSM	OG0041265	NC_089036.1.g6123
BSM	OG0041266	NC_089036.1.g6141
BSM	OG0041267	NC_089036.1.g6185
BSM	OG0041268	NC_089036.1.g6201
BSM	OG0041269	NC_089036.1.g6376
BSM	OG0041270	NC_089036.1.g6533
BSM	OG0041271	NC_089036.1.g6606
BSM	OG0041272	NC_089036.1.g6719
BSM	OG0041273	NC_089036.1.g6774
BSM	OG0041274	NC_089036.1.g6841
BSM	OG0041275	NC_089036.1.g7070
BSM	OG0041276	NC_089036.1.g7132
BSM	OG0041277	NC_089036.1.g7157
BSM	OG0041278	NC_089036.1.g7195
BSM	OG0041279	NC_089036.1.g7390
BSM	OG0041280	NC_089036.1.g7583
BSM	OG0041281	NC_089036.1.g7777
BSM	OG0041282	NC_089036.1.g7780
BSM	OG0041283	NC_089036.1.g8188
BSM	OG0041284	NC_089036.1.g8369
BSM	OG0041285	NC_089036.1.g8447
BSM	OG0041286	NC_089036.1.g8507
BSM	OG0041287	NC_089036.1.g8562
BSM	OG0041288	NC_089036.1.g8737
BSM	OG0041289	NC_089036.1.g8859
BSM	OG0041290	NC_089036.1.g8894
BSM	OG0041291	NC_089036.1.g9128
BSM	OG0041292	NC_089036.1.g9160
BSM	OG0041293	NC_089037.1.g9715
BSM	OG0041294	NC_089037.1.g9856
BSM	OG0041295	NC_089037.1.g9957
BSM	OG0041296	NC_089037.1.g10080
BSM	OG0041297	NC_089037.1.g10281
BSM	OG0041298	NC_089037.1.g10402
BSM	OG0041299	NC_089037.1.g10533
BSM	OG0041300	NC_089037.1.g10884
BSM	OG0041301	NC_089037.1.g10973
BSM	OG0041302	NC_089037.1.g11006
BSM	OG0041303	NC_089037.1.g11126
BSM	OG0041304	NC_089037.1.g11299
BSM	OG0041305	NC_089037.1.g11502
BSM	OG0041306	NC_089037.1.g11636
BSM	OG0041307	NC_089037.1.g12208
BSM	OG0041308	NC_089037.1.g12216
BSM	OG0041309	NC_089037.1.g12268
BSM	OG0041310	NC_089037.1.g12336
BSM	OG0041311	NC_089037.1.g12687
BSM	OG0041312	NC_089037.1.g12891
BSM	OG0041313	NC_089037.1.g12913
BSM	OG0041314	NC_089037.1.g12927
BSM	OG0041315	NC_089037.1.g13350
BSM	OG0041316	NC_089037.1.g13698
BSM	OG0041317	NC_089037.1.g13791
BSM	OG0041318	NC_089038.1.g13985
BSM	OG0041319	NC_089038.1.g14050
BSM	OG0041320	NC_089038.1.g14059
BSM	OG0041321	NC_089038.1.g14112
BSM	OG0041322	NC_089038.1.g14155
BSM	OG0041323	NC_089038.1.g14159
BSM	OG0041324	NC_089038.1.g14454
BSM	OG0041325	NC_089038.1.g14640
BSM	OG0041326	NC_089038.1.g14664
BSM	OG0041327	NC_089038.1.g14756
BSM	OG0041328	NC_089038.1.g14766
BSM	OG0041329	NC_089038.1.g14784
BSM	OG0041330	NC_089038.1.g14785
BSM	OG0041331	NC_089038.1.g14786
BSM	OG0041332	NC_089038.1.g14820
BSM	OG0041333	NC_089038.1.g14972
BSM	OG0041334	NC_089038.1.g15289
BSM	OG0041335	NC_089038.1.g15324
BSM	OG0041336	NC_089038.1.g15401
BSM	OG0041337	NC_089038.1.g15510
BSM	OG0041338	NC_089038.1.g15560
BSM	OG0041339	NC_089038.1.g15591
BSM	OG0041340	NC_089038.1.g15641
BSM	OG0041341	NC_089038.1.g15698
BSM	OG0041342	NC_089038.1.g15701
BSM	OG0041343	NC_089038.1.g15712
BSM	OG0041344	NC_089038.1.g15892
BSM	OG0041345	NC_089038.1.g16186
BSM	OG0041346	NC_089038.1.g16215
BSM	OG0041347	NC_089038.1.g16225
BSM	OG0041348	NC_089038.1.g16409
BSM	OG0041349	NC_089038.1.g16761
BSM	OG0041350	NC_089038.1.g16811
BSM	OG0041351	NC_089038.1.g16871
BSM	OG0041352	NC_089038.1.g17014
BSM	OG0041353	NC_089039.1.g17645
BSM	OG0041354	NC_089039.1.g17718
BSM	OG0041355	NC_089039.1.g17819
BSM	OG0041356	NC_089039.1.g18021
BSM	OG0041357	NC_089039.1.g18286
BSM	OG0041358	NC_089039.1.g18305
BSM	OG0041359	NC_089039.1.g18306
BSM	OG0041360	NC_089039.1.g18321
BSM	OG0041361	NC_089039.1.g18326
BSM	OG0041362	NC_089039.1.g18338
BSM	OG0041363	NC_089039.1.g18341
BSM	OG0041364	NC_089039.1.g18353
BSM	OG0041365	NC_089039.1.g18370
BSM	OG0041366	NC_089039.1.g18453
BSM	OG0041367	NC_089039.1.g18580
BSM	OG0041368	NC_089039.1.g18728
BSM	OG0041369	NC_089039.1.g18836
BSM	OG0041370	NC_089039.1.g19041
BSM	OG0041371	NC_089039.1.g19079
BSM	OG0041372	NC_089039.1.g19107
BSM	OG0041373	NC_089039.1.g19109
BSM	OG0041374	NC_089039.1.g19181
BSM	OG0041375	NC_089039.1.g19266
BSM	OG0041376	NC_089039.1.g19283
BSM	OG0041377	NC_089039.1.g19346
BSM	OG0041378	NC_089039.1.g19452
BSM	OG0041379	NC_089039.1.g19652
BSM	OG0041380	NC_089039.1.g19700
BSM	OG0041381	NC_089039.1.g19842
BSM	OG0041382	NC_089039.1.g20008
BSM	OG0041383	NC_089039.1.g20476
BSM	OG0041384	NC_089040.1.g20673
BSM	OG0041385	NC_089040.1.g21063
BSM	OG0041386	NC_089040.1.g21088
BSM	OG0041387	NC_089040.1.g21177
BSM	OG0041388	NC_089040.1.g21578
BSM	OG0041389	NC_089040.1.g21695
BSM	OG0041390	NC_089040.1.g21736
BSM	OG0041391	NC_089040.1.g21858
BSM	OG0041392	NC_089040.1.g21900
BSM	OG0041393	NC_089040.1.g21903
BSM	OG0041394	NC_089040.1.g21930
BSM	OG0041395	NC_089040.1.g21979
BSM	OG0041396	NC_089040.1.g21981
BSM	OG0041397	NC_089040.1.g22079
BSM	OG0041398	NC_089040.1.g22138
BSM	OG0041399	NC_089040.1.g22148
BSM	OG0041400	NC_089040.1.g22168
BSM	OG0041401	NC_089040.1.g22200
BSM	OG0041402	NC_089040.1.g22215
BSM	OG0041403	NC_089040.1.g22278
BSM	OG0041404	NC_089040.1.g22317
BSM	OG0041405	NC_089040.1.g22377
BSM	OG0041406	NC_089040.1.g22425
BSM	OG0041407	NC_089040.1.g22430
BSM	OG0041408	NC_089040.1.g22431
BSM	OG0041409	NC_089040.1.g22465
BSM	OG0041410	NC_089040.1.g22490
BSM	OG0041411	NC_089040.1.g22509
BSM	OG0041412	NC_089040.1.g22638
BSM	OG0041413	NC_089040.1.g22693
BSM	OG0041414	NC_089040.1.g22702
BSM	OG0041415	NC_089040.1.g22801
BSM	OG0041416	NC_089040.1.g23011
BSM	OG0041417	NC_089040.1.g23035
BSM	OG0041418	NC_089040.1.g23178
BSM	OG0041419	NC_089040.1.g23196
BSM	OG0041420	NC_089040.1.g23398
BSM	OG0041421	NC_089040.1.g23407
BSM	OG0041422	NC_089041.1.g24121
BSM	OG0041423	NC_089041.1.g24162
BSM	OG0041424	NC_089041.1.g24501
BSM	OG0041425	NC_089041.1.g24625
BSM	OG0041426	NC_089041.1.g24653
BSM	OG0041427	NC_089041.1.g24673
BSM	OG0041428	NC_089041.1.g24693
BSM	OG0041429	NC_089041.1.g24703
BSM	OG0041430	NC_089041.1.g24885
BSM	OG0041431	NC_089041.1.g24947
BSM	OG0041432	NC_089041.1.g24969
BSM	OG0041433	NC_089041.1.g25025
BSM	OG0041434	NC_089041.1.g25065
BSM	OG0041435	NC_089041.1.g25162
BSM	OG0041436	NC_089041.1.g25168
BSM	OG0041437	NC_089041.1.g25221
BSM	OG0041438	NC_089041.1.g25303
BSM	OG0041439	NC_089041.1.g25483
BSM	OG0041440	NC_089041.1.g25515
BSM	OG0041441	NC_089041.1.g25527
BSM	OG0041442	NC_089041.1.g25552
BSM	OG0041443	NC_089041.1.g25618
BSM	OG0041444	NC_089041.1.g25788
BSM	OG0041445	NC_089041.1.g25910
BSM	OG0041446	NC_089041.1.g26024
BSM	OG0041447	NC_089041.1.g26059
BSM	OG0041448	NC_089041.1.g26087
BSM	OG0041449	NC_089041.1.g26218
BSM	OG0041450	NC_089041.1.g26304
BSM	OG0041451	NC_089041.1.g26413
BSM	OG0041452	NC_089042.1.g27162
BSM	OG0041453	NC_089042.1.g27165
BSM	OG0041454	NC_089042.1.g27228
BSM	OG0041455	NC_089042.1.g27445
BSM	OG0041456	NC_089042.1.g27698
BSM	OG0041457	NC_089042.1.g27820
BSM	OG0041458	NC_089042.1.g27927
BSM	OG0041459	NC_089042.1.g28046
BSM	OG0041460	NC_089042.1.g28096
BSM	OG0041461	NC_089042.1.g28125
BSM	OG0041462	NC_089042.1.g28138
BSM	OG0041463	NC_089042.1.g28140
BSM	OG0041464	NC_089042.1.g28141
BSM	OG0041465	NC_089042.1.g28145
BSM	OG0041466	NC_089042.1.g28150
BSM	OG0041467	NC_089042.1.g28181
BSM	OG0041468	NC_089042.1.g28237
BSM	OG0041469	NC_089042.1.g28297
BSM	OG0041470	NC_089042.1.g28307
BSM	OG0041471	NC_089042.1.g28344
BSM	OG0041472	NC_089042.1.g28352
BSM	OG0041473	NC_089042.1.g28390
BSM	OG0041474	NC_089042.1.g28492
BSM	OG0041475	NC_089042.1.g28493
BSM	OG0041476	NC_089042.1.g28577
BSM	OG0041477	NC_089042.1.g28584
BSM	OG0041478	NC_089042.1.g28602
BSM	OG0041479	NC_089042.1.g28603
BSM	OG0041480	NC_089042.1.g28701
BSM	OG0041481	NC_089042.1.g28783
BSM	OG0041482	NC_089042.1.g29575
BSM	OG0041483	NC_089043.1.g29885
BSM	OG0041484	NC_089043.1.g29894
BSM	OG0041485	NC_089043.1.g30035
BSM	OG0041486	NC_089043.1.g30173
BSM	OG0041487	NC_089043.1.g30280
BSM	OG0041488	NC_089043.1.g30295
BSM	OG0041489	NC_089043.1.g30369
BSM	OG0041490	NC_089043.1.g30388
BSM	OG0041491	NC_089043.1.g30418
BSM	OG0041492	NC_089043.1.g30490
BSM	OG0041493	NC_089043.1.g30585
BSM	OG0041494	NC_089043.1.g30602
BSM	OG0041495	NC_089043.1.g30941
BSM	OG0041496	NC_089043.1.g30965
BSM	OG0041497	NC_089043.1.g30997
BSM	OG0041498	NC_089043.1.g31026
BSM	OG0041499	NC_089043.1.g31219
BSM	OG0041500	NC_089043.1.g31816
BSM	OG0041501	NC_089043.1.g31943
BSM	OG0041502	NC_089044.1.g32196
BSM	OG0041503	NC_089044.1.g32209
BSM	OG0041504	NC_089044.1.g32231
BSM	OG0041505	NC_089044.1.g32239
BSM	OG0041506	NC_089044.1.g32334
BSM	OG0041507	NC_089044.1.g32337
BSM	OG0041508	NC_089044.1.g32520
BSM	OG0041509	NC_089044.1.g32538
BSM	OG0041510	NC_089044.1.g32596
BSM	OG0041511	NC_089044.1.g32646
BSM	OG0041512	NC_089044.1.g32663
BSM	OG0041513	NC_089044.1.g32687
BSM	OG0041514	NC_089044.1.g32721
BSM	OG0041515	NC_089044.1.g32814
BSM	OG0041516	NC_089044.1.g32820
BSM	OG0041517	NC_089044.1.g32954
BSM	OG0041518	NC_089044.1.g33016
BSM	OG0041519	NC_089044.1.g33030
BSM	OG0041520	NC_089044.1.g33188
BSM	OG0041521	NC_089044.1.g33205
BSM	OG0041522	NC_089044.1.g33285
BSM	OG0041523	NC_089044.1.g33506
BSM	OG0041524	NC_089044.1.g33542
BSM	OG0041525	NC_089044.1.g33929
BSM	OG0041526	NC_089044.1.g34232
BSM	OG0041527	NC_089045.1.g34411
BSM	OG0041528	NC_089045.1.g34811
BSM	OG0041529	NC_089045.1.g34924
BSM	OG0041530	NC_089045.1.g35021
BSM	OG0041531	NC_089045.1.g35162
BSM	OG0041532	NC_089045.1.g35182
BSM	OG0041533	NC_089045.1.g35185
BSM	OG0041534	NC_089045.1.g35481
BSM	OG0041535	NC_089045.1.g35489
BSM	OG0041536	NC_089045.1.g35500
BSM	OG0041537	NC_089045.1.g35606
BSM	OG0041538	NC_089045.1.g35633
BSM	OG0041539	NC_089045.1.g35689
BSM	OG0041540	NC_089045.1.g35700
BSM	OG0041541	NC_089045.1.g35715
BSM	OG0041542	NC_089045.1.g35736
BSM	OG0041543	NC_089045.1.g35742
BSM	OG0041544	NC_089045.1.g35760
BSM	OG0041545	NC_089045.1.g35857
BSM	OG0041546	NC_089045.1.g35892
BSM	OG0041547	NC_089045.1.g35966
BSM	OG0041548	NC_089045.1.g35975
BSM	OG0041549	NC_089045.1.g35986
BSM	OG0041550	NC_089045.1.g35994
BSM	OG0041551	NC_089045.1.g36281
BSM	OG0041552	NC_089045.1.g36339
BSM	OG0041553	NC_089045.1.g36570
BSM	OG0041554	NC_089045.1.g36640
BSM	OG0041555	NC_089045.1.g36876
BSM	OG0041556	NC_089045.1.g37010
BSM	OG0041557	NC_089046.1.g37152
BSM	OG0041558	NC_089046.1.g37523
BSM	OG0041559	NC_089046.1.g37682
BSM	OG0041560	NC_089046.1.g37932
BSM	OG0041561	NC_089046.1.g37964
BSM	OG0041562	NC_089046.1.g38057
BSM	OG0041563	NC_089046.1.g38133
BSM	OG0041564	NC_089046.1.g38155
BSM	OG0041565	NC_089046.1.g38168
BSM	OG0041566	NC_089046.1.g38214
BSM	OG0041567	NC_089046.1.g38340
BSM	OG0041568	NC_089046.1.g38379
BSM	OG0041569	NC_089046.1.g38591
BSM	OG0041570	NC_089046.1.g38643
BSM	OG0041571	NC_089046.1.g38730
BSM	OG0041572	NC_089046.1.g38932
BSM	OG0041573	NC_089046.1.g38958
BSM	OG0041574	NC_089046.1.g39377
BSM	OG0041575	NC_089046.1.g39465
BSM	OG0041576	NC_089046.1.g39502
CI	OG0041577	NC_089035.1.g98
CI	OG0041578	NC_089035.1.g873
CI	OG0041579	NC_089035.1.g876
CI	OG0041580	NC_089035.1.g956
CI	OG0041581	NC_089035.1.g1110
CI	OG0041582	NC_089035.1.g1287
CI	OG0041583	NC_089035.1.g1354
CI	OG0041584	NC_089035.1.g1605
CI	OG0041585	NC_089035.1.g1879
CI	OG0041586	NC_089035.1.g1919
CI	OG0041587	NC_089035.1.g2074
CI	OG0041588	NC_089035.1.g2076
CI	OG0041589	NC_089035.1.g2095
CI	OG0041590	NC_089035.1.g2099
CI	OG0041591	NC_089035.1.g2103
CI	OG0041592	NC_089035.1.g2293
CI	OG0041593	NC_089035.1.g3075
CI	OG0041594	NC_089035.1.g3540
CI	OG0041595	NC_089035.1.g3632
CI	OG0041596	NC_089035.1.g3765
CI	OG0041597	NC_089035.1.g3800
CI	OG0041598	NC_089035.1.g3818
CI	OG0041599	NC_089035.1.g3854
CI	OG0041600	NC_089035.1.g3932
CI	OG0041601	NC_089035.1.g3942
CI	OG0041602	NC_089035.1.g4015
CI	OG0041603	NC_089035.1.g4019
CI	OG0041604	NC_089035.1.g4022
CI	OG0041605	NC_089035.1.g4105
CI	OG0041606	NC_089035.1.g4243
CI	OG0041607	NC_089035.1.g4501
CI	OG0041608	NC_089035.1.g4642
CI	OG0041609	NC_089035.1.g4731
CI	OG0041610	NC_089035.1.g4993
CI	OG0041611	NC_089035.1.g5005
CI	OG0041612	NC_089035.1.g5011
CI	OG0041613	NC_089035.1.g5212
CI	OG0041614	NC_089036.1.g5554
CI	OG0041615	NC_089036.1.g5646
CI	OG0041616	NC_089036.1.g5724
CI	OG0041617	NC_089036.1.g6500
CI	OG0041618	NC_089036.1.g6540
CI	OG0041619	NC_089036.1.g6578
CI	OG0041620	NC_089036.1.g6760
CI	OG0041621	NC_089036.1.g6871
CI	OG0041622	NC_089036.1.g7003
CI	OG0041623	NC_089036.1.g7055
CI	OG0041624	NC_089036.1.g7131
CI	OG0041625	NC_089036.1.g7587
CI	OG0041626	NC_089036.1.g7672
CI	OG0041627	NC_089036.1.g7834
CI	OG0041628	NC_089036.1.g7967
CI	OG0041629	NC_089036.1.g7968
CI	OG0041630	NC_089036.1.g7976
CI	OG0041631	NC_089036.1.g7992
CI	OG0041632	NC_089036.1.g8424
CI	OG0041633	NC_089036.1.g8806
CI	OG0041634	NC_089036.1.g8816
CI	OG0041635	NC_089036.1.g8842
CI	OG0041636	NC_089036.1.g8981
CI	OG0041637	NC_089036.1.g9306
CI	OG0041638	NC_089036.1.g9325
CI	OG0041639	NC_089037.1.g9474
CI	OG0041640	NC_089037.1.g9658
CI	OG0041641	NC_089037.1.g9958
CI	OG0041642	NC_089037.1.g10526
CI	OG0041643	NC_089037.1.g10792
CI	OG0041644	NC_089037.1.g10804
CI	OG0041645	NC_089037.1.g11355
CI	OG0041646	NC_089037.1.g11398
CI	OG0041647	NC_089037.1.g11405
CI	OG0041648	NC_089037.1.g11427
CI	OG0041649	NC_089037.1.g11456
CI	OG0041650	NC_089037.1.g11480
CI	OG0041651	NC_089037.1.g11484
CI	OG0041652	NC_089037.1.g11509
CI	OG0041653	NC_089037.1.g11522
CI	OG0041654	NC_089037.1.g11579
CI	OG0041655	NC_089037.1.g11592
CI	OG0041656	NC_089037.1.g11594
CI	OG0041657	NC_089037.1.g11707
CI	OG0041658	NC_089037.1.g11822
CI	OG0041659	NC_089037.1.g12219
CI	OG0041660	NC_089037.1.g12242
CI	OG0041661	NC_089037.1.g12349
CI	OG0041662	NC_089037.1.g12600
CI	OG0041663	NC_089037.1.g12621
CI	OG0041664	NC_089037.1.g13093
CI	OG0041665	NC_089037.1.g13203
CI	OG0041666	NC_089037.1.g13523
CI	OG0041667	NC_089037.1.g13652
CI	OG0041668	NC_089038.1.g14101
CI	OG0041669	NC_089038.1.g14193
CI	OG0041670	NC_089038.1.g14215
CI	OG0041671	NC_089038.1.g14235
CI	OG0041672	NC_089038.1.g14412
CI	OG0041673	NC_089038.1.g14461
CI	OG0041674	NC_089038.1.g14498
CI	OG0041675	NC_089038.1.g14546
CI	OG0041676	NC_089038.1.g14547
CI	OG0041677	NC_089038.1.g14579
CI	OG0041678	NC_089038.1.g14627
CI	OG0041679	NC_089038.1.g14662
CI	OG0041680	NC_089038.1.g14679
CI	OG0041681	NC_089038.1.g14693
CI	OG0041682	NC_089038.1.g14697
CI	OG0041683	NC_089038.1.g14715
CI	OG0041684	NC_089038.1.g14729
CI	OG0041685	NC_089038.1.g14800
CI	OG0041686	NC_089038.1.g14864
CI	OG0041687	NC_089038.1.g14877
CI	OG0041688	NC_089038.1.g14896
CI	OG0041689	NC_089038.1.g14941
CI	OG0041690	NC_089038.1.g14942
CI	OG0041691	NC_089038.1.g15309
CI	OG0041692	NC_089038.1.g15451
CI	OG0041693	NC_089038.1.g15452
CI	OG0041694	NC_089038.1.g15578
CI	OG0041695	NC_089038.1.g15818
CI	OG0041696	NC_089038.1.g15847
CI	OG0041697	NC_089038.1.g15867
CI	OG0041698	NC_089038.1.g15996
CI	OG0041699	NC_089038.1.g16127
CI	OG0041700	NC_089038.1.g16201
CI	OG0041701	NC_089038.1.g16457
CI	OG0041702	NC_089038.1.g16499
CI	OG0041703	NC_089038.1.g16617
CI	OG0041704	NC_089038.1.g16685
CI	OG0041705	NC_089038.1.g16915
CI	OG0041706	NC_089038.1.g16935
CI	OG0041707	NC_089038.1.g17027
CI	OG0041708	NC_089038.1.g17065
CI	OG0041709	NC_089039.1.g17561
CI	OG0041710	NC_089039.1.g17576
CI	OG0041711	NC_089039.1.g17659
CI	OG0041712	NC_089039.1.g17895
CI	OG0041713	NC_089039.1.g18090
CI	OG0041714	NC_089039.1.g18095
CI	OG0041715	NC_089039.1.g18241
CI	OG0041716	NC_089039.1.g18340
CI	OG0041717	NC_089039.1.g18442
CI	OG0041718	NC_089039.1.g18596
CI	OG0041719	NC_089039.1.g18790
CI	OG0041720	NC_089039.1.g18865
CI	OG0041721	NC_089039.1.g18885
CI	OG0041722	NC_089039.1.g18887
CI	OG0041723	NC_089039.1.g19095
CI	OG0041724	NC_089039.1.g19133
CI	OG0041725	NC_089039.1.g19160
CI	OG0041726	NC_089039.1.g19201
CI	OG0041727	NC_089039.1.g19202
CI	OG0041728	NC_089039.1.g19358
CI	OG0041729	NC_089039.1.g19410
CI	OG0041730	NC_089039.1.g19461
CI	OG0041731	NC_089039.1.g19488
CI	OG0041732	NC_089039.1.g19548
CI	OG0041733	NC_089039.1.g19780
CI	OG0041734	NC_089039.1.g19894
CI	OG0041735	NC_089039.1.g19898
CI	OG0041736	NC_089039.1.g20285
CI	OG0041737	NC_089040.1.g20735
CI	OG0041738	NC_089040.1.g21171
CI	OG0041739	NC_089040.1.g21311
CI	OG0041740	NC_089040.1.g21359
CI	OG0041741	NC_089040.1.g21362
CI	OG0041742	NC_089040.1.g21400
CI	OG0041743	NC_089040.1.g21585
CI	OG0041744	NC_089040.1.g21662
CI	OG0041745	NC_089040.1.g21764
CI	OG0041746	NC_089040.1.g21769
CI	OG0041747	NC_089040.1.g21816
CI	OG0041748	NC_089040.1.g21838
CI	OG0041749	NC_089040.1.g22088
CI	OG0041750	NC_089040.1.g22193
CI	OG0041751	NC_089040.1.g22203
CI	OG0041752	NC_089040.1.g22238
CI	OG0041753	NC_089040.1.g22242
CI	OG0041754	NC_089040.1.g22267
CI	OG0041755	NC_089040.1.g22379
CI	OG0041756	NC_089040.1.g22636
CI	OG0041757	NC_089040.1.g22752
CI	OG0041758	NC_089040.1.g22760
CI	OG0041759	NC_089040.1.g22773
CI	OG0041760	NC_089040.1.g22898
CI	OG0041761	NC_089040.1.g22914
CI	OG0041762	NC_089040.1.g22937
CI	OG0041763	NC_089040.1.g23236
CI	OG0041764	NC_089040.1.g23246
CI	OG0041765	NC_089040.1.g23268
CI	OG0041766	NC_089040.1.g23630
CI	OG0041767	NC_089041.1.g24089
CI	OG0041768	NC_089041.1.g24241
CI	OG0041769	NC_089041.1.g24813
CI	OG0041770	NC_089041.1.g25043
CI	OG0041771	NC_089041.1.g25063
CI	OG0041772	NC_089041.1.g25201
CI	OG0041773	NC_089041.1.g25282
CI	OG0041774	NC_089041.1.g25324
CI	OG0041775	NC_089041.1.g25361
CI	OG0041776	NC_089041.1.g25437
CI	OG0041777	NC_089041.1.g25467
CI	OG0041778	NC_089041.1.g25495
CI	OG0041779	NC_089041.1.g25703
CI	OG0041780	NC_089041.1.g25707
CI	OG0041781	NC_089041.1.g25747
CI	OG0041782	NC_089041.1.g25819
CI	OG0041783	NC_089041.1.g25944
CI	OG0041784	NC_089041.1.g25966
CI	OG0041785	NC_089041.1.g25999
CI	OG0041786	NC_089041.1.g26001
CI	OG0041787	NC_089041.1.g26092
CI	OG0041788	NC_089041.1.g26297
CI	OG0041789	NC_089041.1.g26676
CI	OG0041790	NC_089042.1.g27118
CI	OG0041791	NC_089042.1.g27505
CI	OG0041792	NC_089042.1.g27516
CI	OG0041793	NC_089042.1.g27638
CI	OG0041794	NC_089042.1.g27639
CI	OG0041795	NC_089042.1.g27998
CI	OG0041796	NC_089042.1.g28008
CI	OG0041797	NC_089042.1.g28071
CI	OG0041798	NC_089042.1.g28217
CI	OG0041799	NC_089042.1.g28305
CI	OG0041800	NC_089042.1.g28317
CI	OG0041801	NC_089042.1.g28442
CI	OG0041802	NC_089042.1.g28458
CI	OG0041803	NC_089042.1.g28745
CI	OG0041804	NC_089042.1.g29168
CI	OG0041805	NC_089042.1.g29336
CI	OG0041806	NC_089042.1.g29340
CI	OG0041807	NC_089042.1.g29414
CI	OG0041808	NC_089043.1.g29829
CI	OG0041809	NC_089043.1.g29876
CI	OG0041810	NC_089043.1.g30003
CI	OG0041811	NC_089043.1.g30056
CI	OG0041812	NC_089043.1.g30104
CI	OG0041813	NC_089043.1.g30125
CI	OG0041814	NC_089043.1.g30130
CI	OG0041815	NC_089043.1.g30220
CI	OG0041816	NC_089043.1.g30288
CI	OG0041817	NC_089043.1.g30429
CI	OG0041818	NC_089043.1.g30464
CI	OG0041819	NC_089043.1.g30487
CI	OG0041820	NC_089043.1.g30501
CI	OG0041821	NC_089043.1.g30726
CI	OG0041822	NC_089043.1.g30810
CI	OG0041823	NC_089043.1.g30999
CI	OG0041824	NC_089043.1.g31217
CI	OG0041825	NC_089043.1.g31230
CI	OG0041826	NC_089043.1.g31303
CI	OG0041827	NC_089043.1.g31923
CI	OG0041828	NC_089043.1.g31972
CI	OG0041829	NC_089043.1.g31978
CI	OG0041830	NC_089044.1.g32121
CI	OG0041831	NC_089044.1.g32142
CI	OG0041832	NC_089044.1.g32143
CI	OG0041833	NC_089044.1.g32153
CI	OG0041834	NC_089044.1.g32164
CI	OG0041835	NC_089044.1.g32196
CI	OG0041836	NC_089044.1.g32304
CI	OG0041837	NC_089044.1.g32320
CI	OG0041838	NC_089044.1.g32328
CI	OG0041839	NC_089044.1.g32385
CI	OG0041840	NC_089044.1.g32643
CI	OG0041841	NC_089044.1.g32656
CI	OG0041842	NC_089044.1.g32663
CI	OG0041843	NC_089044.1.g32700
CI	OG0041844	NC_089044.1.g32820
CI	OG0041845	NC_089044.1.g32848
CI	OG0041846	NC_089044.1.g32976
CI	OG0041847	NC_089044.1.g33076
CI	OG0041848	NC_089044.1.g33216
CI	OG0041849	NC_089044.1.g33869
CI	OG0041850	NC_089044.1.g34080
CI	OG0041851	NC_089044.1.g34128
CI	OG0041852	NC_089045.1.g34634
CI	OG0041853	NC_089045.1.g34668
CI	OG0041854	NC_089045.1.g34722
CI	OG0041855	NC_089045.1.g35065
CI	OG0041856	NC_089045.1.g35084
CI	OG0041857	NC_089045.1.g35320
CI	OG0041858	NC_089045.1.g35356
CI	OG0041859	NC_089045.1.g35372
CI	OG0041860	NC_089045.1.g35446
CI	OG0041861	NC_089045.1.g35537
CI	OG0041862	NC_089045.1.g35568
CI	OG0041863	NC_089045.1.g35573
CI	OG0041864	NC_089045.1.g35591
CI	OG0041865	NC_089045.1.g35664
CI	OG0041866	NC_089045.1.g35847
CI	OG0041867	NC_089045.1.g36005
CI	OG0041868	NC_089045.1.g36180
CI	OG0041869	NC_089045.1.g36333
CI	OG0041870	NC_089045.1.g36400
CI	OG0041871	NC_089045.1.g36589
CI	OG0041872	NC_089045.1.g36603
CI	OG0041873	NC_089045.1.g36671
CI	OG0041874	NC_089045.1.g36886
CI	OG0041875	NC_089045.1.g36922
CI	OG0041876	NC_089046.1.g37419
CI	OG0041877	NC_089046.1.g37428
CI	OG0041878	NC_089046.1.g37490
CI	OG0041879	NC_089046.1.g37587
CI	OG0041880	NC_089046.1.g37687
CI	OG0041881	NC_089046.1.g37725
CI	OG0041882	NC_089046.1.g37818
CI	OG0041883	NC_089046.1.g37855
CI	OG0041884	NC_089046.1.g37865
CI	OG0041885	NC_089046.1.g37888
CI	OG0041886	NC_089046.1.g37916
CI	OG0041887	NC_089046.1.g37931
CI	OG0041888	NC_089046.1.g38022
CI	OG0041889	NC_089046.1.g38123
CI	OG0041890	NC_089046.1.g38213
CI	OG0041891	NC_089046.1.g38294
CI	OG0041892	NC_089046.1.g38303
CI	OG0041893	NC_089046.1.g38362
CI	OG0041894	NC_089046.1.g38368
CI	OG0041895	NC_089046.1.g38393
CI	OG0041896	NC_089046.1.g38409
CI	OG0041897	NC_089046.1.g38490
CI	OG0041898	NC_089046.1.g38513
CI	OG0041899	NC_089046.1.g38696
CI	OG0041900	NC_089046.1.g38864
CI	OG0041901	NC_089046.1.g39121
GJ	OG0041902	NC_089035.1.g95
GJ	OG0041903	NC_089035.1.g204
GJ	OG0041904	NC_089035.1.g718
GJ	OG0041905	NC_089035.1.g866
GJ	OG0041906	NC_089035.1.g869
GJ	OG0041907	NC_089035.1.g1684
GJ	OG0041908	NC_089035.1.g1778
GJ	OG0041909	NC_089035.1.g1894
GJ	OG0041910	NC_089035.1.g2028
GJ	OG0041911	NC_089035.1.g2094
GJ	OG0041912	NC_089035.1.g2109
GJ	OG0041913	NC_089035.1.g2143
GJ	OG0041914	NC_089035.1.g2349
GJ	OG0041915	NC_089035.1.g2413
GJ	OG0041916	NC_089035.1.g2780
GJ	OG0041917	NC_089035.1.g2950
GJ	OG0041918	NC_089035.1.g3254
GJ	OG0041919	NC_089035.1.g3392
GJ	OG0041920	NC_089035.1.g3794
GJ	OG0041921	NC_089035.1.g3957
GJ	OG0041922	NC_089035.1.g4180
GJ	OG0041923	NC_089035.1.g4338
GJ	OG0041924	NC_089035.1.g4397
GJ	OG0041925	NC_089035.1.g4792
GJ	OG0041926	NC_089035.1.g4917
GJ	OG0041927	NC_089035.1.g5030
GJ	OG0041928	NC_089035.1.g5039
GJ	OG0041929	NC_089035.1.g5075
GJ	OG0041930	NC_089035.1.g5079
GJ	OG0041931	NC_089036.1.g5841
GJ	OG0041932	NC_089036.1.g6145
GJ	OG0041933	NC_089036.1.g6239
GJ	OG0041934	NC_089036.1.g6243
GJ	OG0041935	NC_089036.1.g6429
GJ	OG0041936	NC_089036.1.g6715
GJ	OG0041937	NC_089036.1.g6770
GJ	OG0041938	NC_089036.1.g6813
GJ	OG0041939	NC_089036.1.g6820
GJ	OG0041940	NC_089036.1.g6942
GJ	OG0041941	NC_089036.1.g7298
GJ	OG0041942	NC_089036.1.g7362
GJ	OG0041943	NC_089036.1.g7508
GJ	OG0041944	NC_089036.1.g7645
GJ	OG0041945	NC_089036.1.g7712
GJ	OG0041946	NC_089036.1.g7864
GJ	OG0041947	NC_089036.1.g7970
GJ	OG0041948	NC_089036.1.g8212
GJ	OG0041949	NC_089036.1.g8250
GJ	OG0041950	NC_089036.1.g8305
GJ	OG0041951	NC_089036.1.g8686
GJ	OG0041952	NC_089036.1.g9253
GJ	OG0041953	NC_089036.1.g9349
GJ	OG0041954	NC_089037.1.g9559
GJ	OG0041955	NC_089037.1.g9565
GJ	OG0041956	NC_089037.1.g9697
GJ	OG0041957	NC_089037.1.g9903
GJ	OG0041958	NC_089037.1.g10347
GJ	OG0041959	NC_089037.1.g10380
GJ	OG0041960	NC_089037.1.g10388
GJ	OG0041961	NC_089037.1.g10482
GJ	OG0041962	NC_089037.1.g11237
GJ	OG0041963	NC_089037.1.g11466
GJ	OG0041964	NC_089037.1.g11524
GJ	OG0041965	NC_089037.1.g11749
GJ	OG0041966	NC_089037.1.g11916
GJ	OG0041967	NC_089037.1.g11918
GJ	OG0041968	NC_089037.1.g12173
GJ	OG0041969	NC_089037.1.g12386
GJ	OG0041970	NC_089037.1.g12394
GJ	OG0041971	NC_089037.1.g12413
GJ	OG0041972	NC_089037.1.g12527
GJ	OG0041973	NC_089037.1.g12531
GJ	OG0041974	NC_089037.1.g12720
GJ	OG0041975	NC_089037.1.g13372
GJ	OG0041976	NC_089038.1.g13941
GJ	OG0041977	NC_089038.1.g14029
GJ	OG0041978	NC_089038.1.g14064
GJ	OG0041979	NC_089038.1.g14087
GJ	OG0041980	NC_089038.1.g14090
GJ	OG0041981	NC_089038.1.g14254
GJ	OG0041982	NC_089038.1.g14350
GJ	OG0041983	NC_089038.1.g14392
GJ	OG0041984	NC_089038.1.g14442
GJ	OG0041985	NC_089038.1.g14806
GJ	OG0041986	NC_089038.1.g14850
GJ	OG0041987	NC_089038.1.g15012
GJ	OG0041988	NC_089038.1.g15540
GJ	OG0041989	NC_089038.1.g15883
GJ	OG0041990	NC_089038.1.g16592
GJ	OG0041991	NC_089038.1.g16631
GJ	OG0041992	NC_089038.1.g16847
GJ	OG0041993	NC_089038.1.g16953
GJ	OG0041994	NC_089038.1.g17089
GJ	OG0041995	NC_089038.1.g17136
GJ	OG0041996	NC_089038.1.g17351
GJ	OG0041997	NC_089039.1.g17769
GJ	OG0041998	NC_089039.1.g17863
GJ	OG0041999	NC_089039.1.g17939
GJ	OG0042000	NC_089039.1.g17990
GJ	OG0042001	NC_089039.1.g18030
GJ	OG0042002	NC_089039.1.g18092
GJ	OG0042003	NC_089039.1.g18619
GJ	OG0042004	NC_089039.1.g18817
GJ	OG0042005	NC_089039.1.g18835
GJ	OG0042006	NC_089039.1.g19025
GJ	OG0042007	NC_089039.1.g19085
GJ	OG0042008	NC_089039.1.g19129
GJ	OG0042009	NC_089039.1.g19259
GJ	OG0042010	NC_089039.1.g19264
GJ	OG0042011	NC_089039.1.g19387
GJ	OG0042012	NC_089039.1.g19406
GJ	OG0042013	NC_089039.1.g19566
GJ	OG0042014	NC_089039.1.g19588
GJ	OG0042015	NC_089039.1.g19646
GJ	OG0042016	NC_089039.1.g19692
GJ	OG0042017	NC_089039.1.g19697
GJ	OG0042018	NC_089039.1.g19728
GJ	OG0042019	NC_089039.1.g19819
GJ	OG0042020	NC_089039.1.g20241
GJ	OG0042021	NC_089040.1.g20614
GJ	OG0042022	NC_089040.1.g20659
GJ	OG0042023	NC_089040.1.g21163
GJ	OG0042024	NC_089040.1.g21320
GJ	OG0042025	NC_089040.1.g21321
GJ	OG0042026	NC_089040.1.g21437
GJ	OG0042027	NC_089040.1.g21560
GJ	OG0042028	NC_089040.1.g21631
GJ	OG0042029	NC_089040.1.g21679
GJ	OG0042030	NC_089040.1.g21710
GJ	OG0042031	NC_089040.1.g21764
GJ	OG0042032	NC_089040.1.g22013
GJ	OG0042033	NC_089040.1.g22018
GJ	OG0042034	NC_089040.1.g22055
GJ	OG0042035	NC_089040.1.g22074
GJ	OG0042036	NC_089040.1.g22085
GJ	OG0042037	NC_089040.1.g22137
GJ	OG0042038	NC_089040.1.g22270
GJ	OG0042039	NC_089040.1.g22459
GJ	OG0042040	NC_089040.1.g22482
GJ	OG0042041	NC_089040.1.g22502
GJ	OG0042042	NC_089040.1.g22587
GJ	OG0042043	NC_089040.1.g22694
GJ	OG0042044	NC_089040.1.g22914
GJ	OG0042045	NC_089040.1.g22944
GJ	OG0042046	NC_089040.1.g22963
GJ	OG0042047	NC_089040.1.g23158
GJ	OG0042048	NC_089041.1.g23756
GJ	OG0042049	NC_089041.1.g24283
GJ	OG0042050	NC_089041.1.g24517
GJ	OG0042051	NC_089041.1.g24620
GJ	OG0042052	NC_089041.1.g24904
GJ	OG0042053	NC_089041.1.g25227
GJ	OG0042054	NC_089041.1.g25228
GJ	OG0042055	NC_089041.1.g25240
GJ	OG0042056	NC_089041.1.g25250
GJ	OG0042057	NC_089041.1.g25301
GJ	OG0042058	NC_089041.1.g25313
GJ	OG0042059	NC_089041.1.g25372
GJ	OG0042060	NC_089041.1.g25406
GJ	OG0042061	NC_089041.1.g25419
GJ	OG0042062	NC_089041.1.g25513
GJ	OG0042063	NC_089041.1.g25529
GJ	OG0042064	NC_089041.1.g26223
GJ	OG0042065	NC_089041.1.g26373
GJ	OG0042066	NC_089041.1.g26571
GJ	OG0042067	NC_089041.1.g26752
GJ	OG0042068	NC_089041.1.g26761
GJ	OG0042069	NC_089042.1.g27049
GJ	OG0042070	NC_089042.1.g27063
GJ	OG0042071	NC_089042.1.g27098
GJ	OG0042072	NC_089042.1.g27150
GJ	OG0042073	NC_089042.1.g27153
GJ	OG0042074	NC_089042.1.g27272
GJ	OG0042075	NC_089042.1.g27387
GJ	OG0042076	NC_089042.1.g27422
GJ	OG0042077	NC_089042.1.g27436
GJ	OG0042078	NC_089042.1.g27514
GJ	OG0042079	NC_089042.1.g27531
GJ	OG0042080	NC_089042.1.g27731
GJ	OG0042081	NC_089042.1.g27763
GJ	OG0042082	NC_089042.1.g27847
GJ	OG0042083	NC_089042.1.g27893
GJ	OG0042084	NC_089042.1.g27948
GJ	OG0042085	NC_089042.1.g27955
GJ	OG0042086	NC_089042.1.g27982
GJ	OG0042087	NC_089042.1.g27986
GJ	OG0042088	NC_089042.1.g28010
GJ	OG0042089	NC_089042.1.g28018
GJ	OG0042090	NC_089042.1.g28111
GJ	OG0042091	NC_089042.1.g28136
GJ	OG0042092	NC_089042.1.g28175
GJ	OG0042093	NC_089042.1.g28225
GJ	OG0042094	NC_089042.1.g28228
GJ	OG0042095	NC_089042.1.g28237
GJ	OG0042096	NC_089042.1.g28287
GJ	OG0042097	NC_089042.1.g28301
GJ	OG0042098	NC_089042.1.g28321
GJ	OG0042099	NC_089042.1.g28337
GJ	OG0042100	NC_089042.1.g28480
GJ	OG0042101	NC_089042.1.g28662
GJ	OG0042102	NC_089042.1.g28701
GJ	OG0042103	NC_089043.1.g29602
GJ	OG0042104	NC_089043.1.g29615
GJ	OG0042105	NC_089043.1.g29637
GJ	OG0042106	NC_089043.1.g29665
GJ	OG0042107	NC_089043.1.g29686
GJ	OG0042108	NC_089043.1.g29688
GJ	OG0042109	NC_089043.1.g29699
GJ	OG0042110	NC_089043.1.g29723
GJ	OG0042111	NC_089043.1.g29829
GJ	OG0042112	NC_089043.1.g29883
GJ	OG0042113	NC_089043.1.g29900
GJ	OG0042114	NC_089043.1.g29915
GJ	OG0042115	NC_089043.1.g29925
GJ	OG0042116	NC_089043.1.g29962
GJ	OG0042117	NC_089043.1.g30028
GJ	OG0042118	NC_089043.1.g30075
GJ	OG0042119	NC_089043.1.g30173
GJ	OG0042120	NC_089043.1.g30202
GJ	OG0042121	NC_089043.1.g30413
GJ	OG0042122	NC_089043.1.g30414
GJ	OG0042123	NC_089043.1.g30506
GJ	OG0042124	NC_089043.1.g30684
GJ	OG0042125	NC_089043.1.g30697
GJ	OG0042126	NC_089043.1.g30710
GJ	OG0042127	NC_089043.1.g30776
GJ	OG0042128	NC_089043.1.g30876
GJ	OG0042129	NC_089043.1.g30878
GJ	OG0042130	NC_089043.1.g30912
GJ	OG0042131	NC_089043.1.g31135
GJ	OG0042132	NC_089043.1.g31460
GJ	OG0042133	NC_089043.1.g31471
GJ	OG0042134	NC_089044.1.g31838
GJ	OG0042135	NC_089044.1.g31849
GJ	OG0042136	NC_089044.1.g32113
GJ	OG0042137	NC_089044.1.g32122
GJ	OG0042138	NC_089044.1.g32228
GJ	OG0042139	NC_089044.1.g32425
GJ	OG0042140	NC_089044.1.g32497
GJ	OG0042141	NC_089044.1.g32498
GJ	OG0042142	NC_089044.1.g32541
GJ	OG0042143	NC_089044.1.g32716
GJ	OG0042144	NC_089044.1.g32736
GJ	OG0042145	NC_089044.1.g32839
GJ	OG0042146	NC_089044.1.g32868
GJ	OG0042147	NC_089044.1.g33068
GJ	OG0042148	NC_089044.1.g33171
GJ	OG0042149	NC_089044.1.g33277
GJ	OG0042150	NC_089044.1.g33574
GJ	OG0042151	NC_089044.1.g33598
GJ	OG0042152	NC_089044.1.g33647
GJ	OG0042153	NC_089044.1.g33880
GJ	OG0042154	NC_089044.1.g33991
GJ	OG0042155	NC_089044.1.g34018
GJ	OG0042156	NC_089045.1.g34175
GJ	OG0042157	NC_089045.1.g34184
GJ	OG0042158	NC_089045.1.g34287
GJ	OG0042159	NC_089045.1.g34351
GJ	OG0042160	NC_089045.1.g34507
GJ	OG0042161	NC_089045.1.g34577
GJ	OG0042162	NC_089045.1.g34629
GJ	OG0042163	NC_089045.1.g34745
GJ	OG0042164	NC_089045.1.g34798
GJ	OG0042165	NC_089045.1.g34889
GJ	OG0042166	NC_089045.1.g34909
GJ	OG0042167	NC_089045.1.g34927
GJ	OG0042168	NC_089045.1.g35022
GJ	OG0042169	NC_089045.1.g35157
GJ	OG0042170	NC_089045.1.g35186
GJ	OG0042171	NC_089045.1.g35251
GJ	OG0042172	NC_089045.1.g35275
GJ	OG0042173	NC_089045.1.g35367
GJ	OG0042174	NC_089045.1.g35436
GJ	OG0042175	NC_089045.1.g35557
GJ	OG0042176	NC_089045.1.g35614
GJ	OG0042177	NC_089045.1.g35710
GJ	OG0042178	NC_089045.1.g35930
GJ	OG0042179	NC_089045.1.g35974
GJ	OG0042180	NC_089045.1.g35978
GJ	OG0042181	NC_089045.1.g36091
GJ	OG0042182	NC_089045.1.g36126
GJ	OG0042183	NC_089045.1.g36168
GJ	OG0042184	NC_089045.1.g36259
GJ	OG0042185	NC_089045.1.g36322
GJ	OG0042186	NC_089045.1.g36326
GJ	OG0042187	NC_089045.1.g36342
GJ	OG0042188	NC_089045.1.g36350
GJ	OG0042189	NC_089045.1.g36418
GJ	OG0042190	NC_089045.1.g36575
GJ	OG0042191	NC_089045.1.g36668
GJ	OG0042192	NC_089045.1.g36680
GJ	OG0042193	NC_089046.1.g36785
GJ	OG0042194	NC_089046.1.g36896
GJ	OG0042195	NC_089046.1.g36919
GJ	OG0042196	NC_089046.1.g37172
GJ	OG0042197	NC_089046.1.g37284
GJ	OG0042198	NC_089046.1.g37405
GJ	OG0042199	NC_089046.1.g37525
GJ	OG0042200	NC_089046.1.g37563
GJ	OG0042201	NC_089046.1.g37688
GJ	OG0042202	NC_089046.1.g37697
GJ	OG0042203	NC_089046.1.g37730
GJ	OG0042204	NC_089046.1.g37859
GJ	OG0042205	NC_089046.1.g37866
GJ	OG0042206	NC_089046.1.g37903
GJ	OG0042207	NC_089046.1.g37919
GJ	OG0042208	NC_089046.1.g38007
GJ	OG0042209	NC_089046.1.g38017
GJ	OG0042210	NC_089046.1.g38043
GJ	OG0042211	NC_089046.1.g38071
GJ	OG0042212	NC_089046.1.g38134
GJ	OG0042213	NC_089046.1.g38169
GJ	OG0042214	NC_089046.1.g38178
GJ	OG0042215	NC_089046.1.g38189
GJ	OG0042216	NC_089046.1.g38192
GJ	OG0042217	NC_089046.1.g38230
GJ	OG0042218	NC_089046.1.g38234
GJ	OG0042219	NC_089046.1.g38287
GJ	OG0042220	NC_089046.1.g38324
GJ	OG0042221	NC_089046.1.g38397
GJ	OG0042222	NC_089046.1.g38400
GJ	OG0042223	NC_089046.1.g38443
GJ	OG0042224	NC_089046.1.g38542
GJ	OG0042225	NC_089046.1.g38799
GJ	OG0042226	NC_089046.1.g38832
GJ	OG0042227	NC_089046.1.g38838
IN	OG0042228	NC_089035.1.g64
IN	OG0042229	NC_089035.1.g93
IN	OG0042230	NC_089035.1.g149
IN	OG0042231	NC_089035.1.g212
IN	OG0042232	NC_089035.1.g250
IN	OG0042233	NC_089035.1.g332
IN	OG0042234	NC_089035.1.g507
IN	OG0042235	NC_089035.1.g704
IN	OG0042236	NC_089035.1.g829
IN	OG0042237	NC_089035.1.g1480
IN	OG0042238	NC_089035.1.g1503
IN	OG0042239	NC_089035.1.g1610
IN	OG0042240	NC_089035.1.g1673
IN	OG0042241	NC_089035.1.g1726
IN	OG0042242	NC_089035.1.g1736
IN	OG0042243	NC_089035.1.g1740
IN	OG0042244	NC_089035.1.g1798
IN	OG0042245	NC_089035.1.g1820
IN	OG0042246	NC_089035.1.g1859
IN	OG0042247	NC_089035.1.g1885
IN	OG0042248	NC_089035.1.g1926
IN	OG0042249	NC_089035.1.g1943
IN	OG0042250	NC_089035.1.g2183
IN	OG0042251	NC_089035.1.g2194
IN	OG0042252	NC_089035.1.g2211
IN	OG0042253	NC_089035.1.g2265
IN	OG0042254	NC_089035.1.g2323
IN	OG0042255	NC_089035.1.g2468
IN	OG0042256	NC_089035.1.g2469
IN	OG0042257	NC_089035.1.g2618
IN	OG0042258	NC_089035.1.g2635
IN	OG0042259	NC_089035.1.g2979
IN	OG0042260	NC_089035.1.g3072
IN	OG0042261	NC_089035.1.g3304
IN	OG0042262	NC_089035.1.g3322
IN	OG0042263	NC_089035.1.g3427
IN	OG0042264	NC_089035.1.g3506
IN	OG0042265	NC_089035.1.g3867
IN	OG0042266	NC_089035.1.g3948
IN	OG0042267	NC_089035.1.g4157
IN	OG0042268	NC_089035.1.g4229
IN	OG0042269	NC_089035.1.g4567
IN	OG0042270	NC_089035.1.g4849
IN	OG0042271	NC_089035.1.g4999
IN	OG0042272	NC_089035.1.g5110
IN	OG0042273	NC_089035.1.g5286
IN	OG0042274	NC_089036.1.g6004
IN	OG0042275	NC_089036.1.g6378
IN	OG0042276	NC_089036.1.g6393
IN	OG0042277	NC_089036.1.g6395
IN	OG0042278	NC_089036.1.g6521
IN	OG0042279	NC_089036.1.g6604
IN	OG0042280	NC_089036.1.g6606
IN	OG0042281	NC_089036.1.g6686
IN	OG0042282	NC_089036.1.g6760
IN	OG0042283	NC_089036.1.g6979
IN	OG0042284	NC_089036.1.g7016
IN	OG0042285	NC_089036.1.g7030
IN	OG0042286	NC_089036.1.g7042
IN	OG0042287	NC_089036.1.g7088
IN	OG0042288	NC_089036.1.g7093
IN	OG0042289	NC_089036.1.g7334
IN	OG0042290	NC_089036.1.g7406
IN	OG0042291	NC_089036.1.g7440
IN	OG0042292	NC_089036.1.g7505
IN	OG0042293	NC_089036.1.g7663
IN	OG0042294	NC_089036.1.g7684
IN	OG0042295	NC_089036.1.g7889
IN	OG0042296	NC_089036.1.g7921
IN	OG0042297	NC_089036.1.g8006
IN	OG0042298	NC_089036.1.g8268
IN	OG0042299	NC_089036.1.g8428
IN	OG0042300	NC_089036.1.g8553
IN	OG0042301	NC_089036.1.g8787
IN	OG0042302	NC_089036.1.g9073
IN	OG0042303	NC_089036.1.g9115
IN	OG0042304	NC_089037.1.g9498
IN	OG0042305	NC_089037.1.g9773
IN	OG0042306	NC_089037.1.g9859
IN	OG0042307	NC_089037.1.g10288
IN	OG0042308	NC_089037.1.g10401
IN	OG0042309	NC_089037.1.g10541
IN	OG0042310	NC_089037.1.g10669
IN	OG0042311	NC_089037.1.g10677
IN	OG0042312	NC_089037.1.g10721
IN	OG0042313	NC_089037.1.g11014
IN	OG0042314	NC_089037.1.g11108
IN	OG0042315	NC_089037.1.g11558
IN	OG0042316	NC_089037.1.g11645
IN	OG0042317	NC_089037.1.g11705
IN	OG0042318	NC_089037.1.g11762
IN	OG0042319	NC_089037.1.g11810
IN	OG0042320	NC_089037.1.g11817
IN	OG0042321	NC_089037.1.g11830
IN	OG0042322	NC_089037.1.g11900
IN	OG0042323	NC_089037.1.g12036
IN	OG0042324	NC_089037.1.g12050
IN	OG0042325	NC_089037.1.g12105
IN	OG0042326	NC_089037.1.g12133
IN	OG0042327	NC_089037.1.g12192
IN	OG0042328	NC_089037.1.g12219
IN	OG0042329	NC_089037.1.g12250
IN	OG0042330	NC_089037.1.g12659
IN	OG0042331	NC_089037.1.g12660
IN	OG0042332	NC_089037.1.g12750
IN	OG0042333	NC_089037.1.g13023
IN	OG0042334	NC_089037.1.g13164
IN	OG0042335	NC_089038.1.g13990
IN	OG0042336	NC_089038.1.g14012
IN	OG0042337	NC_089038.1.g14098
IN	OG0042338	NC_089038.1.g14149
IN	OG0042339	NC_089038.1.g14153
IN	OG0042340	NC_089038.1.g14197
IN	OG0042341	NC_089038.1.g14256
IN	OG0042342	NC_089038.1.g14407
IN	OG0042343	NC_089038.1.g14457
IN	OG0042344	NC_089038.1.g14467
IN	OG0042345	NC_089038.1.g14491
IN	OG0042346	NC_089038.1.g14502
IN	OG0042347	NC_089038.1.g14516
IN	OG0042348	NC_089038.1.g14559
IN	OG0042349	NC_089038.1.g14638
IN	OG0042350	NC_089038.1.g14718
IN	OG0042351	NC_089038.1.g14722
IN	OG0042352	NC_089038.1.g14756
IN	OG0042353	NC_089038.1.g14836
IN	OG0042354	NC_089038.1.g14850
IN	OG0042355	NC_089038.1.g14860
IN	OG0042356	NC_089038.1.g14880
IN	OG0042357	NC_089038.1.g14911
IN	OG0042358	NC_089038.1.g14990
IN	OG0042359	NC_089038.1.g15027
IN	OG0042360	NC_089038.1.g15144
IN	OG0042361	NC_089038.1.g15206
IN	OG0042362	NC_089038.1.g15213
IN	OG0042363	NC_089038.1.g15344
IN	OG0042364	NC_089038.1.g15404
IN	OG0042365	NC_089038.1.g15407
IN	OG0042366	NC_089038.1.g15443
IN	OG0042367	NC_089038.1.g15467
IN	OG0042368	NC_089038.1.g15517
IN	OG0042369	NC_089038.1.g15626
IN	OG0042370	NC_089038.1.g15909
IN	OG0042371	NC_089038.1.g16317
IN	OG0042372	NC_089038.1.g16402
IN	OG0042373	NC_089038.1.g16528
IN	OG0042374	NC_089038.1.g16646
IN	OG0042375	NC_089038.1.g16857
IN	OG0042376	NC_089038.1.g16858
IN	OG0042377	NC_089038.1.g16965
IN	OG0042378	NC_089039.1.g17635
IN	OG0042379	NC_089039.1.g18021
IN	OG0042380	NC_089039.1.g18087
IN	OG0042381	NC_089039.1.g18088
IN	OG0042382	NC_089039.1.g18319
IN	OG0042383	NC_089039.1.g18527
IN	OG0042384	NC_089039.1.g18540
IN	OG0042385	NC_089039.1.g18841
IN	OG0042386	NC_089039.1.g18918
IN	OG0042387	NC_089039.1.g18998
IN	OG0042388	NC_089039.1.g19144
IN	OG0042389	NC_089039.1.g19226
IN	OG0042390	NC_089039.1.g19242
IN	OG0042391	NC_089039.1.g19336
IN	OG0042392	NC_089039.1.g19950
IN	OG0042393	NC_089039.1.g20173
IN	OG0042394	NC_089039.1.g20185
IN	OG0042395	NC_089039.1.g20307
IN	OG0042396	NC_089040.1.g20703
IN	OG0042397	NC_089040.1.g20736
IN	OG0042398	NC_089040.1.g21134
IN	OG0042399	NC_089040.1.g21233
IN	OG0042400	NC_089040.1.g21723
IN	OG0042401	NC_089040.1.g21742
IN	OG0042402	NC_089040.1.g21743
IN	OG0042403	NC_089040.1.g21753
IN	OG0042404	NC_089040.1.g21791
IN	OG0042405	NC_089040.1.g22022
IN	OG0042406	NC_089040.1.g22073
IN	OG0042407	NC_089040.1.g22161
IN	OG0042408	NC_089040.1.g22189
IN	OG0042409	NC_089040.1.g22245
IN	OG0042410	NC_089040.1.g22369
IN	OG0042411	NC_089040.1.g22495
IN	OG0042412	NC_089040.1.g22559
IN	OG0042413	NC_089040.1.g22669
IN	OG0042414	NC_089040.1.g22927
IN	OG0042415	NC_089040.1.g22947
IN	OG0042416	NC_089040.1.g22998
IN	OG0042417	NC_089040.1.g23156
IN	OG0042418	NC_089040.1.g23429
IN	OG0042419	NC_089040.1.g23665
IN	OG0042420	NC_089041.1.g23979
IN	OG0042421	NC_089041.1.g24032
IN	OG0042422	NC_089041.1.g24039
IN	OG0042423	NC_089041.1.g24327
IN	OG0042424	NC_089041.1.g24444
IN	OG0042425	NC_089041.1.g24516
IN	OG0042426	NC_089041.1.g24694
IN	OG0042427	NC_089041.1.g24844
IN	OG0042428	NC_089041.1.g24882
IN	OG0042429	NC_089041.1.g25087
IN	OG0042430	NC_089041.1.g25186
IN	OG0042431	NC_089041.1.g25237
IN	OG0042432	NC_089041.1.g25313
IN	OG0042433	NC_089041.1.g25349
IN	OG0042434	NC_089041.1.g25350
IN	OG0042435	NC_089041.1.g25369
IN	OG0042436	NC_089041.1.g25548
IN	OG0042437	NC_089041.1.g25635
IN	OG0042438	NC_089041.1.g25652
IN	OG0042439	NC_089041.1.g25676
IN	OG0042440	NC_089041.1.g25688
IN	OG0042441	NC_089041.1.g25911
IN	OG0042442	NC_089041.1.g25928
IN	OG0042443	NC_089041.1.g25985
IN	OG0042444	NC_089041.1.g26005
IN	OG0042445	NC_089041.1.g26344
IN	OG0042446	NC_089041.1.g26361
IN	OG0042447	NC_089041.1.g26367
IN	OG0042448	NC_089041.1.g26416
IN	OG0042449	NC_089042.1.g27346
IN	OG0042450	NC_089042.1.g27687
IN	OG0042451	NC_089042.1.g27689
IN	OG0042452	NC_089042.1.g27735
IN	OG0042453	NC_089042.1.g27870
IN	OG0042454	NC_089042.1.g28125
IN	OG0042455	NC_089042.1.g28158
IN	OG0042456	NC_089042.1.g28175
IN	OG0042457	NC_089042.1.g28182
IN	OG0042458	NC_089042.1.g28267
IN	OG0042459	NC_089042.1.g28295
IN	OG0042460	NC_089042.1.g28333
IN	OG0042461	NC_089042.1.g28345
IN	OG0042462	NC_089042.1.g28353
IN	OG0042463	NC_089042.1.g28458
IN	OG0042464	NC_089042.1.g28555
IN	OG0042465	NC_089042.1.g28562
IN	OG0042466	NC_089042.1.g28576
IN	OG0042467	NC_089042.1.g28592
IN	OG0042468	NC_089042.1.g28629
IN	OG0042469	NC_089042.1.g28758
IN	OG0042470	NC_089042.1.g28849
IN	OG0042471	NC_089042.1.g29050
IN	OG0042472	NC_089042.1.g29068
IN	OG0042473	NC_089042.1.g29165
IN	OG0042474	NC_089042.1.g29195
IN	OG0042475	NC_089042.1.g29226
IN	OG0042476	NC_089042.1.g29230
IN	OG0042477	NC_089042.1.g29622
IN	OG0042478	NC_089042.1.g29900
IN	OG0042479	NC_089043.1.g29967
IN	OG0042480	NC_089043.1.g29976
IN	OG0042481	NC_089043.1.g30236
IN	OG0042482	NC_089043.1.g30257
IN	OG0042483	NC_089043.1.g30382
IN	OG0042484	NC_089043.1.g30400
IN	OG0042485	NC_089043.1.g30455
IN	OG0042486	NC_089043.1.g30502
IN	OG0042487	NC_089043.1.g30628
IN	OG0042488	NC_089043.1.g30651
IN	OG0042489	NC_089043.1.g30672
IN	OG0042490	NC_089043.1.g30703
IN	OG0042491	NC_089043.1.g30717
IN	OG0042492	NC_089043.1.g30748
IN	OG0042493	NC_089043.1.g31200
IN	OG0042494	NC_089043.1.g32127
IN	OG0042495	NC_089043.1.g32183
IN	OG0042496	NC_089044.1.g32310
IN	OG0042497	NC_089044.1.g32347
IN	OG0042498	NC_089044.1.g32370
IN	OG0042499	NC_089044.1.g32573
IN	OG0042500	NC_089044.1.g32655
IN	OG0042501	NC_089044.1.g32743
IN	OG0042502	NC_089044.1.g32951
IN	OG0042503	NC_089044.1.g32987
IN	OG0042504	NC_089044.1.g33008
IN	OG0042505	NC_089044.1.g33079
IN	OG0042506	NC_089044.1.g33134
IN	OG0042507	NC_089044.1.g33161
IN	OG0042508	NC_089044.1.g33248
IN	OG0042509	NC_089044.1.g33409
IN	OG0042510	NC_089044.1.g33424
IN	OG0042511	NC_089044.1.g33528
IN	OG0042512	NC_089044.1.g33557
IN	OG0042513	NC_089044.1.g33668
IN	OG0042514	NC_089044.1.g33701
IN	OG0042515	NC_089044.1.g34091
IN	OG0042516	NC_089045.1.g35125
IN	OG0042517	NC_089045.1.g35173
IN	OG0042518	NC_089045.1.g35257
IN	OG0042519	NC_089045.1.g35368
IN	OG0042520	NC_089045.1.g35386
IN	OG0042521	NC_089045.1.g35421
IN	OG0042522	NC_089045.1.g35424
IN	OG0042523	NC_089045.1.g35471
IN	OG0042524	NC_089045.1.g35492
IN	OG0042525	NC_089045.1.g35498
IN	OG0042526	NC_089045.1.g35554
IN	OG0042527	NC_089045.1.g35559
IN	OG0042528	NC_089045.1.g35574
IN	OG0042529	NC_089045.1.g35800
IN	OG0042530	NC_089045.1.g35866
IN	OG0042531	NC_089045.1.g35906
IN	OG0042532	NC_089045.1.g36137
IN	OG0042533	NC_089045.1.g36155
IN	OG0042534	NC_089045.1.g36367
IN	OG0042535	NC_089045.1.g36386
IN	OG0042536	NC_089045.1.g36447
IN	OG0042537	NC_089045.1.g36465
IN	OG0042538	NC_089045.1.g36472
IN	OG0042539	NC_089045.1.g36536
IN	OG0042540	NC_089045.1.g36548
IN	OG0042541	NC_089045.1.g36563
IN	OG0042542	NC_089045.1.g36637
IN	OG0042543	NC_089045.1.g36778
IN	OG0042544	NC_089045.1.g37035
IN	OG0042545	NC_089045.1.g37057
IN	OG0042546	NC_089045.1.g37058
IN	OG0042547	NC_089045.1.g37065
IN	OG0042548	NC_089045.1.g37089
IN	OG0042549	NC_089045.1.g37150
IN	OG0042550	NC_089045.1.g37203
IN	OG0042551	NC_089046.1.g37312
IN	OG0042552	NC_089046.1.g37461
IN	OG0042553	NC_089046.1.g37882
IN	OG0042554	NC_089046.1.g37897
IN	OG0042555	NC_089046.1.g37933
IN	OG0042556	NC_089046.1.g38094
IN	OG0042557	NC_089046.1.g38162
IN	OG0042558	NC_089046.1.g38174
IN	OG0042559	NC_089046.1.g38196
IN	OG0042560	NC_089046.1.g38206
IN	OG0042561	NC_089046.1.g38231
IN	OG0042562	NC_089046.1.g38234
IN	OG0042563	NC_089046.1.g38256
IN	OG0042564	NC_089046.1.g38260
IN	OG0042565	NC_089046.1.g38276
IN	OG0042566	NC_089046.1.g38326
IN	OG0042567	NC_089046.1.g38346
IN	OG0042568	NC_089046.1.g38380
IN	OG0042569	NC_089046.1.g38410
IN	OG0042570	NC_089046.1.g38430
IN	OG0042571	NC_089046.1.g38499
IN	OG0042572	NC_089046.1.g38532
IN	OG0042573	NC_089046.1.g38544
IN	OG0042574	NC_089046.1.g38586
IN	OG0042575	NC_089046.1.g38649
IN	OG0042576	NC_089046.1.g38654
IN	OG0042577	NC_089046.1.g38659
IN	OG0042578	NC_089046.1.g38678
IN	OG0042579	NC_089046.1.g38756
IN	OG0042580	NC_089046.1.g38913
IN	OG0042581	NC_089046.1.g39066
IN	OG0042582	NC_089046.1.g39115
IN	OG0042583	NC_089046.1.g39171
IN	OG0042584	NC_089046.1.g39200
IN	OG0042585	NC_089046.1.g39310
IN	OG0042586	NC_089046.1.g39384
IN	OG0042587	NC_089046.1.g39404
KM	OG0042588	NC_089035.1.g11
KM	OG0042589	NC_089035.1.g103
KM	OG0042590	NC_089035.1.g176
KM	OG0042591	NC_089035.1.g838
KM	OG0042592	NC_089035.1.g925
KM	OG0042593	NC_089035.1.g1171
KM	OG0042594	NC_089035.1.g1418
KM	OG0042595	NC_089035.1.g1448
KM	OG0042596	NC_089035.1.g1491
KM	OG0042597	NC_089035.1.g1576
KM	OG0042598	NC_089035.1.g1585
KM	OG0042599	NC_089035.1.g1625
KM	OG0042600	NC_089035.1.g1629
KM	OG0042601	NC_089035.1.g1911
KM	OG0042602	NC_089035.1.g1944
KM	OG0042603	NC_089035.1.g2136
KM	OG0042604	NC_089035.1.g2240
KM	OG0042605	NC_089035.1.g2426
KM	OG0042606	NC_089035.1.g2605
KM	OG0042607	NC_089035.1.g2689
KM	OG0042608	NC_089035.1.g2714
KM	OG0042609	NC_089035.1.g2820
KM	OG0042610	NC_089035.1.g3033
KM	OG0042611	NC_089035.1.g3334
KM	OG0042612	NC_089035.1.g3368
KM	OG0042613	NC_089035.1.g3456
KM	OG0042614	NC_089035.1.g3545
KM	OG0042615	NC_089035.1.g3552
KM	OG0042616	NC_089035.1.g3750
KM	OG0042617	NC_089035.1.g3932
KM	OG0042618	NC_089035.1.g4121
KM	OG0042619	NC_089035.1.g4219
KM	OG0042620	NC_089035.1.g4274
KM	OG0042621	NC_089035.1.g4289
KM	OG0042622	NC_089035.1.g4417
KM	OG0042623	NC_089035.1.g4605
KM	OG0042624	NC_089035.1.g4814
KM	OG0042625	NC_089035.1.g4910
KM	OG0042626	NC_089035.1.g5084
KM	OG0042627	NC_089035.1.g5345
KM	OG0042628	NC_089036.1.g5447
KM	OG0042629	NC_089036.1.g5660
KM	OG0042630	NC_089036.1.g6014
KM	OG0042631	NC_089036.1.g6178
KM	OG0042632	NC_089036.1.g6333
KM	OG0042633	NC_089036.1.g6490
KM	OG0042634	NC_089036.1.g6523
KM	OG0042635	NC_089036.1.g6685
KM	OG0042636	NC_089036.1.g6687
KM	OG0042637	NC_089036.1.g6823
KM	OG0042638	NC_089036.1.g6957
KM	OG0042639	NC_089036.1.g6979
KM	OG0042640	NC_089036.1.g7137
KM	OG0042641	NC_089036.1.g7174
KM	OG0042642	NC_089036.1.g7462
KM	OG0042643	NC_089036.1.g7483
KM	OG0042644	NC_089036.1.g7485
KM	OG0042645	NC_089036.1.g7716
KM	OG0042646	NC_089036.1.g8004
KM	OG0042647	NC_089036.1.g8273
KM	OG0042648	NC_089036.1.g8275
KM	OG0042649	NC_089036.1.g8582
KM	OG0042650	NC_089036.1.g8696
KM	OG0042651	NC_089036.1.g8729
KM	OG0042652	NC_089036.1.g8858
KM	OG0042653	NC_089036.1.g9025
KM	OG0042654	NC_089036.1.g9223
KM	OG0042655	NC_089037.1.g9814
KM	OG0042656	NC_089037.1.g9894
KM	OG0042657	NC_089037.1.g9921
KM	OG0042658	NC_089037.1.g9959
KM	OG0042659	NC_089037.1.g10201
KM	OG0042660	NC_089037.1.g10435
KM	OG0042661	NC_089037.1.g10497
KM	OG0042662	NC_089037.1.g10660
KM	OG0042663	NC_089037.1.g11039
KM	OG0042664	NC_089037.1.g11185
KM	OG0042665	NC_089037.1.g11600
KM	OG0042666	NC_089037.1.g11718
KM	OG0042667	NC_089037.1.g11726
KM	OG0042668	NC_089037.1.g11731
KM	OG0042669	NC_089037.1.g11752
KM	OG0042670	NC_089037.1.g11794
KM	OG0042671	NC_089037.1.g11857
KM	OG0042672	NC_089037.1.g11973
KM	OG0042673	NC_089037.1.g12039
KM	OG0042674	NC_089037.1.g12091
KM	OG0042675	NC_089037.1.g12234
KM	OG0042676	NC_089037.1.g12328
KM	OG0042677	NC_089037.1.g12336
KM	OG0042678	NC_089037.1.g12337
KM	OG0042679	NC_089037.1.g12355
KM	OG0042680	NC_089037.1.g12374
KM	OG0042681	NC_089037.1.g12377
KM	OG0042682	NC_089037.1.g12407
KM	OG0042683	NC_089037.1.g12525
KM	OG0042684	NC_089037.1.g12729
KM	OG0042685	NC_089037.1.g12744
KM	OG0042686	NC_089037.1.g12784
KM	OG0042687	NC_089037.1.g13015
KM	OG0042688	NC_089037.1.g13157
KM	OG0042689	NC_089037.1.g13230
KM	OG0042690	NC_089037.1.g13347
KM	OG0042691	NC_089037.1.g13767
KM	OG0042692	NC_089037.1.g14064
KM	OG0042693	NC_089038.1.g14272
KM	OG0042694	NC_089038.1.g14301
KM	OG0042695	NC_089038.1.g14307
KM	OG0042696	NC_089038.1.g14372
KM	OG0042697	NC_089038.1.g14375
KM	OG0042698	NC_089038.1.g14754
KM	OG0042699	NC_089038.1.g14782
KM	OG0042700	NC_089038.1.g14808
KM	OG0042701	NC_089038.1.g15154
KM	OG0042702	NC_089038.1.g15158
KM	OG0042703	NC_089038.1.g15169
KM	OG0042704	NC_089038.1.g15203
KM	OG0042705	NC_089038.1.g15264
KM	OG0042706	NC_089038.1.g15337
KM	OG0042707	NC_089038.1.g15385
KM	OG0042708	NC_089038.1.g15404
KM	OG0042709	NC_089038.1.g15477
KM	OG0042710	NC_089038.1.g15606
KM	OG0042711	NC_089038.1.g15629
KM	OG0042712	NC_089038.1.g15670
KM	OG0042713	NC_089038.1.g15794
KM	OG0042714	NC_089038.1.g15858
KM	OG0042715	NC_089038.1.g16097
KM	OG0042716	NC_089038.1.g16170
KM	OG0042717	NC_089038.1.g16699
KM	OG0042718	NC_089038.1.g16758
KM	OG0042719	NC_089038.1.g16782
KM	OG0042720	NC_089038.1.g17107
KM	OG0042721	NC_089039.1.g17918
KM	OG0042722	NC_089039.1.g18159
KM	OG0042723	NC_089039.1.g18163
KM	OG0042724	NC_089039.1.g18234
KM	OG0042725	NC_089039.1.g18387
KM	OG0042726	NC_089039.1.g18476
KM	OG0042727	NC_089039.1.g18578
KM	OG0042728	NC_089039.1.g18605
KM	OG0042729	NC_089039.1.g18797
KM	OG0042730	NC_089039.1.g18861
KM	OG0042731	NC_089039.1.g18862
KM	OG0042732	NC_089039.1.g18945
KM	OG0042733	NC_089039.1.g19143
KM	OG0042734	NC_089039.1.g19206
KM	OG0042735	NC_089039.1.g19348
KM	OG0042736	NC_089039.1.g19358
KM	OG0042737	NC_089039.1.g19360
KM	OG0042738	NC_089039.1.g19376
KM	OG0042739	NC_089039.1.g19414
KM	OG0042740	NC_089039.1.g19428
KM	OG0042741	NC_089039.1.g19590
KM	OG0042742	NC_089039.1.g19647
KM	OG0042743	NC_089039.1.g19720
KM	OG0042744	NC_089039.1.g19801
KM	OG0042745	NC_089039.1.g19818
KM	OG0042746	NC_089039.1.g20034
KM	OG0042747	NC_089039.1.g20165
KM	OG0042748	NC_089039.1.g20169
KM	OG0042749	NC_089039.1.g20226
KM	OG0042750	NC_089039.1.g20408
KM	OG0042751	NC_089039.1.g20491
KM	OG0042752	NC_089040.1.g21063
KM	OG0042753	NC_089040.1.g21228
KM	OG0042754	NC_089040.1.g21399
KM	OG0042755	NC_089040.1.g21414
KM	OG0042756	NC_089040.1.g21416
KM	OG0042757	NC_089040.1.g21420
KM	OG0042758	NC_089040.1.g21635
KM	OG0042759	NC_089040.1.g21752
KM	OG0042760	NC_089040.1.g22017
KM	OG0042761	NC_089040.1.g22035
KM	OG0042762	NC_089040.1.g22068
KM	OG0042763	NC_089040.1.g22186
KM	OG0042764	NC_089040.1.g22200
KM	OG0042765	NC_089040.1.g22212
KM	OG0042766	NC_089040.1.g22255
KM	OG0042767	NC_089040.1.g22266
KM	OG0042768	NC_089040.1.g22285
KM	OG0042769	NC_089040.1.g22331
KM	OG0042770	NC_089040.1.g22418
KM	OG0042771	NC_089040.1.g22438
KM	OG0042772	NC_089040.1.g22494
KM	OG0042773	NC_089040.1.g22600
KM	OG0042774	NC_089040.1.g22625
KM	OG0042775	NC_089040.1.g22642
KM	OG0042776	NC_089040.1.g22661
KM	OG0042777	NC_089040.1.g22710
KM	OG0042778	NC_089040.1.g22718
KM	OG0042779	NC_089040.1.g22757
KM	OG0042780	NC_089040.1.g22897
KM	OG0042781	NC_089040.1.g22979
KM	OG0042782	NC_089040.1.g23148
KM	OG0042783	NC_089040.1.g23247
KM	OG0042784	NC_089040.1.g23461
KM	OG0042785	NC_089040.1.g23521
KM	OG0042786	NC_089040.1.g23618
KM	OG0042787	NC_089040.1.g24153
KM	OG0042788	NC_089041.1.g24188
KM	OG0042789	NC_089041.1.g24287
KM	OG0042790	NC_089041.1.g24384
KM	OG0042791	NC_089041.1.g24923
KM	OG0042792	NC_089041.1.g24933
KM	OG0042793	NC_089041.1.g24986
KM	OG0042794	NC_089041.1.g25062
KM	OG0042795	NC_089041.1.g25203
KM	OG0042796	NC_089041.1.g25207
KM	OG0042797	NC_089041.1.g25215
KM	OG0042798	NC_089041.1.g25226
KM	OG0042799	NC_089041.1.g25258
KM	OG0042800	NC_089041.1.g25259
KM	OG0042801	NC_089041.1.g25308
KM	OG0042802	NC_089041.1.g25459
KM	OG0042803	NC_089041.1.g25562
KM	OG0042804	NC_089041.1.g25594
KM	OG0042805	NC_089041.1.g25756
KM	OG0042806	NC_089041.1.g25837
KM	OG0042807	NC_089041.1.g25864
KM	OG0042808	NC_089041.1.g25955
KM	OG0042809	NC_089041.1.g26036
KM	OG0042810	NC_089041.1.g26046
KM	OG0042811	NC_089041.1.g26121
KM	OG0042812	NC_089041.1.g26193
KM	OG0042813	NC_089041.1.g26396
KM	OG0042814	NC_089041.1.g26559
KM	OG0042815	NC_089041.1.g26694
KM	OG0042816	NC_089041.1.g26780
KM	OG0042817	NC_089041.1.g27017
KM	OG0042818	NC_089041.1.g27018
KM	OG0042819	NC_089042.1.g27502
KM	OG0042820	NC_089042.1.g27675
KM	OG0042821	NC_089042.1.g27788
KM	OG0042822	NC_089042.1.g27832
KM	OG0042823	NC_089042.1.g27925
KM	OG0042824	NC_089042.1.g27930
KM	OG0042825	NC_089042.1.g27967
KM	OG0042826	NC_089042.1.g28230
KM	OG0042827	NC_089042.1.g28276
KM	OG0042828	NC_089042.1.g28548
KM	OG0042829	NC_089042.1.g28619
KM	OG0042830	NC_089042.1.g28688
KM	OG0042831	NC_089042.1.g28749
KM	OG0042832	NC_089042.1.g28849
KM	OG0042833	NC_089042.1.g28888
KM	OG0042834	NC_089042.1.g28922
KM	OG0042835	NC_089042.1.g28938
KM	OG0042836	NC_089042.1.g29006
KM	OG0042837	NC_089042.1.g29019
KM	OG0042838	NC_089042.1.g29219
KM	OG0042839	NC_089042.1.g29389
KM	OG0042840	NC_089042.1.g29406
KM	OG0042841	NC_089042.1.g29420
KM	OG0042842	NC_089042.1.g29532
KM	OG0042843	NC_089042.1.g30086
KM	OG0042844	NC_089043.1.g30251
KM	OG0042845	NC_089043.1.g30418
KM	OG0042846	NC_089043.1.g30449
KM	OG0042847	NC_089043.1.g30524
KM	OG0042848	NC_089043.1.g30525
KM	OG0042849	NC_089043.1.g30543
KM	OG0042850	NC_089043.1.g30566
KM	OG0042851	NC_089043.1.g30671
KM	OG0042852	NC_089043.1.g30688
KM	OG0042853	NC_089043.1.g30750
KM	OG0042854	NC_089043.1.g30810
KM	OG0042855	NC_089043.1.g30923
KM	OG0042856	NC_089043.1.g30948
KM	OG0042857	NC_089043.1.g30954
KM	OG0042858	NC_089043.1.g31096
KM	OG0042859	NC_089043.1.g31185
KM	OG0042860	NC_089043.1.g31313
KM	OG0042861	NC_089043.1.g31701
KM	OG0042862	NC_089043.1.g31993
KM	OG0042863	NC_089043.1.g32008
KM	OG0042864	NC_089043.1.g32164
KM	OG0042865	NC_089043.1.g32170
KM	OG0042866	NC_089043.1.g32437
KM	OG0042867	NC_089044.1.g32554
KM	OG0042868	NC_089044.1.g32664
KM	OG0042869	NC_089044.1.g32695
KM	OG0042870	NC_089044.1.g32699
KM	OG0042871	NC_089044.1.g32776
KM	OG0042872	NC_089044.1.g32836
KM	OG0042873	NC_089044.1.g32869
KM	OG0042874	NC_089044.1.g32871
KM	OG0042875	NC_089044.1.g32954
KM	OG0042876	NC_089044.1.g32971
KM	OG0042877	NC_089044.1.g33084
KM	OG0042878	NC_089044.1.g33094
KM	OG0042879	NC_089044.1.g33191
KM	OG0042880	NC_089044.1.g33237
KM	OG0042881	NC_089044.1.g33302
KM	OG0042882	NC_089044.1.g33343
KM	OG0042883	NC_089044.1.g33366
KM	OG0042884	NC_089044.1.g33385
KM	OG0042885	NC_089044.1.g33502
KM	OG0042886	NC_089044.1.g33572
KM	OG0042887	NC_089044.1.g33595
KM	OG0042888	NC_089044.1.g33613
KM	OG0042889	NC_089044.1.g33717
KM	OG0042890	NC_089044.1.g33825
KM	OG0042891	NC_089044.1.g33857
KM	OG0042892	NC_089044.1.g33912
KM	OG0042893	NC_089044.1.g33954
KM	OG0042894	NC_089044.1.g34000
KM	OG0042895	NC_089044.1.g34315
KM	OG0042896	NC_089045.1.g35523
KM	OG0042897	NC_089045.1.g35612
KM	OG0042898	NC_089045.1.g35622
KM	OG0042899	NC_089045.1.g35642
KM	OG0042900	NC_089045.1.g35793
KM	OG0042901	NC_089045.1.g35833
KM	OG0042902	NC_089045.1.g35939
KM	OG0042903	NC_089045.1.g35999
KM	OG0042904	NC_089045.1.g36351
KM	OG0042905	NC_089045.1.g36364
KM	OG0042906	NC_089045.1.g36484
KM	OG0042907	NC_089045.1.g36698
KM	OG0042908	NC_089045.1.g36802
KM	OG0042909	NC_089045.1.g36809
KM	OG0042910	NC_089045.1.g36955
KM	OG0042911	NC_089045.1.g37109
KM	OG0042912	NC_089045.1.g37144
KM	OG0042913	NC_089045.1.g37183
KM	OG0042914	NC_089045.1.g37246
KM	OG0042915	NC_089045.1.g37289
KM	OG0042916	NC_089045.1.g37316
KM	OG0042917	NC_089045.1.g37385
KM	OG0042918	NC_089045.1.g37405
KM	OG0042919	NC_089045.1.g37442
KM	OG0042920	NC_089045.1.g37566
KM	OG0042921	NC_089045.1.g37582
KM	OG0042922	NC_089045.1.g37585
KM	OG0042923	NC_089046.1.g37827
KM	OG0042924	NC_089046.1.g38070
KM	OG0042925	NC_089046.1.g38072
KM	OG0042926	NC_089046.1.g38080
KM	OG0042927	NC_089046.1.g38081
KM	OG0042928	NC_089046.1.g38302
KM	OG0042929	NC_089046.1.g38322
KM	OG0042930	NC_089046.1.g38323
KM	OG0042931	NC_089046.1.g38348
KM	OG0042932	NC_089046.1.g38429
KM	OG0042933	NC_089046.1.g38558
KM	OG0042934	NC_089046.1.g38585
KM	OG0042935	NC_089046.1.g38752
KM	OG0042936	NC_089046.1.g38782
KM	OG0042937	NC_089046.1.g38808
KM	OG0042938	NC_089046.1.g38844
KM	OG0042939	NC_089046.1.g38868
KM	OG0042940	NC_089046.1.g38900
KM	OG0042941	NC_089046.1.g38926
KM	OG0042942	NC_089046.1.g38989
KM	OG0042943	NC_089046.1.g39066
KM	OG0042944	NC_089046.1.g39103
KM	OG0042945	NC_089046.1.g39228
KM	OG0042946	NC_089046.1.g39268
KM	OG0042947	NC_089046.1.g39499
KM	OG0042948	NC_089046.1.g39875
MPE	OG0042949	NC_089035.1.g99
MPE	OG0042950	NC_089035.1.g970
MPE	OG0042951	NC_089035.1.g1159
MPE	OG0042952	NC_089035.1.g1367
MPE	OG0042953	NC_089035.1.g1525
MPE	OG0042954	NC_089035.1.g1723
MPE	OG0042955	NC_089035.1.g1752
MPE	OG0042956	NC_089035.1.g1784
MPE	OG0042957	NC_089035.1.g1806
MPE	OG0042958	NC_089035.1.g1813
MPE	OG0042959	NC_089035.1.g1844
MPE	OG0042960	NC_089035.1.g1966
MPE	OG0042961	NC_089035.1.g2001
MPE	OG0042962	NC_089035.1.g2024
MPE	OG0042963	NC_089035.1.g2118
MPE	OG0042964	NC_089035.1.g2129
MPE	OG0042965	NC_089035.1.g2176
MPE	OG0042966	NC_089035.1.g2177
MPE	OG0042967	NC_089035.1.g2193
MPE	OG0042968	NC_089035.1.g2561
MPE	OG0042969	NC_089035.1.g2862
MPE	OG0042970	NC_089035.1.g2877
MPE	OG0042971	NC_089035.1.g2896
MPE	OG0042972	NC_089035.1.g3056
MPE	OG0042973	NC_089035.1.g3130
MPE	OG0042974	NC_089035.1.g3406
MPE	OG0042975	NC_089035.1.g3434
MPE	OG0042976	NC_089035.1.g3496
MPE	OG0042977	NC_089035.1.g3497
MPE	OG0042978	NC_089035.1.g3797
MPE	OG0042979	NC_089035.1.g3979
MPE	OG0042980	NC_089035.1.g4199
MPE	OG0042981	NC_089035.1.g4356
MPE	OG0042982	NC_089035.1.g4376
MPE	OG0042983	NC_089035.1.g4701
MPE	OG0042984	NC_089035.1.g4758
MPE	OG0042985	NC_089035.1.g4890
MPE	OG0042986	NC_089036.1.g5343
MPE	OG0042987	NC_089036.1.g5409
MPE	OG0042988	NC_089036.1.g5452
MPE	OG0042989	NC_089036.1.g5461
MPE	OG0042990	NC_089036.1.g5480
MPE	OG0042991	NC_089036.1.g5503
MPE	OG0042992	NC_089036.1.g5585
MPE	OG0042993	NC_089036.1.g5716
MPE	OG0042994	NC_089036.1.g6108
MPE	OG0042995	NC_089036.1.g6213
MPE	OG0042996	NC_089036.1.g6226
MPE	OG0042997	NC_089036.1.g6237
MPE	OG0042998	NC_089036.1.g6244
MPE	OG0042999	NC_089036.1.g6364
MPE	OG0043000	NC_089036.1.g6522
MPE	OG0043001	NC_089036.1.g6817
MPE	OG0043002	NC_089036.1.g6819
MPE	OG0043003	NC_089036.1.g6900
MPE	OG0043004	NC_089036.1.g6966
MPE	OG0043005	NC_089036.1.g7092
MPE	OG0043006	NC_089036.1.g7140
MPE	OG0043007	NC_089036.1.g7247
MPE	OG0043008	NC_089036.1.g7750
MPE	OG0043009	NC_089036.1.g7783
MPE	OG0043010	NC_089036.1.g7881
MPE	OG0043011	NC_089036.1.g7899
MPE	OG0043012	NC_089036.1.g7937
MPE	OG0043013	NC_089036.1.g7938
MPE	OG0043014	NC_089036.1.g8276
MPE	OG0043015	NC_089036.1.g8300
MPE	OG0043016	NC_089036.1.g8386
MPE	OG0043017	NC_089036.1.g8491
MPE	OG0043018	NC_089036.1.g8762
MPE	OG0043019	NC_089036.1.g8986
MPE	OG0043020	NC_089036.1.g9133
MPE	OG0043021	NC_089037.1.g9625
MPE	OG0043022	NC_089037.1.g9657
MPE	OG0043023	NC_089037.1.g9998
MPE	OG0043024	NC_089037.1.g10384
MPE	OG0043025	NC_089037.1.g10512
MPE	OG0043026	NC_089037.1.g10540
MPE	OG0043027	NC_089037.1.g11392
MPE	OG0043028	NC_089037.1.g11879
MPE	OG0043029	NC_089037.1.g11912
MPE	OG0043030	NC_089037.1.g12169
MPE	OG0043031	NC_089037.1.g12205
MPE	OG0043032	NC_089037.1.g12274
MPE	OG0043033	NC_089037.1.g12451
MPE	OG0043034	NC_089037.1.g12452
MPE	OG0043035	NC_089037.1.g12491
MPE	OG0043036	NC_089037.1.g12527
MPE	OG0043037	NC_089037.1.g12546
MPE	OG0043038	NC_089037.1.g13373
MPE	OG0043039	NC_089037.1.g13524
MPE	OG0043040	NC_089037.1.g13530
MPE	OG0043041	NC_089037.1.g13640
MPE	OG0043042	NC_089037.1.g13647
MPE	OG0043043	NC_089037.1.g13802
MPE	OG0043044	NC_089037.1.g13852
MPE	OG0043045	NC_089038.1.g14049
MPE	OG0043046	NC_089038.1.g14050
MPE	OG0043047	NC_089038.1.g14076
MPE	OG0043048	NC_089038.1.g14100
MPE	OG0043049	NC_089038.1.g14156
MPE	OG0043050	NC_089038.1.g14305
MPE	OG0043051	NC_089038.1.g14329
MPE	OG0043052	NC_089038.1.g14395
MPE	OG0043053	NC_089038.1.g14623
MPE	OG0043054	NC_089038.1.g14805
MPE	OG0043055	NC_089038.1.g14886
MPE	OG0043056	NC_089038.1.g14891
MPE	OG0043057	NC_089038.1.g14947
MPE	OG0043058	NC_089038.1.g15012
MPE	OG0043059	NC_089038.1.g15126
MPE	OG0043060	NC_089038.1.g15220
MPE	OG0043061	NC_089038.1.g15358
MPE	OG0043062	NC_089038.1.g15590
MPE	OG0043063	NC_089038.1.g15608
MPE	OG0043064	NC_089038.1.g15841
MPE	OG0043065	NC_089038.1.g15842
MPE	OG0043066	NC_089038.1.g15870
MPE	OG0043067	NC_089038.1.g15871
MPE	OG0043068	NC_089038.1.g16036
MPE	OG0043069	NC_089038.1.g16341
MPE	OG0043070	NC_089038.1.g16394
MPE	OG0043071	NC_089038.1.g16688
MPE	OG0043072	NC_089038.1.g17378
MPE	OG0043073	NC_089039.1.g18008
MPE	OG0043074	NC_089039.1.g18011
MPE	OG0043075	NC_089039.1.g18203
MPE	OG0043076	NC_089039.1.g18273
MPE	OG0043077	NC_089039.1.g18322
MPE	OG0043078	NC_089039.1.g18407
MPE	OG0043079	NC_089039.1.g18577
MPE	OG0043080	NC_089039.1.g18650
MPE	OG0043081	NC_089039.1.g18826
MPE	OG0043082	NC_089039.1.g18849
MPE	OG0043083	NC_089039.1.g18876
MPE	OG0043084	NC_089039.1.g18895
MPE	OG0043085	NC_089039.1.g18950
MPE	OG0043086	NC_089039.1.g19131
MPE	OG0043087	NC_089039.1.g19189
MPE	OG0043088	NC_089039.1.g19893
MPE	OG0043089	NC_089039.1.g19916
MPE	OG0043090	NC_089039.1.g20047
MPE	OG0043091	NC_089039.1.g20130
MPE	OG0043092	NC_089039.1.g20213
MPE	OG0043093	NC_089039.1.g20284
MPE	OG0043094	NC_089039.1.g20551
MPE	OG0043095	NC_089039.1.g20552
MPE	OG0043096	NC_089040.1.g20634
MPE	OG0043097	NC_089040.1.g20692
MPE	OG0043098	NC_089040.1.g20724
MPE	OG0043099	NC_089040.1.g21062
MPE	OG0043100	NC_089040.1.g21297
MPE	OG0043101	NC_089040.1.g21494
MPE	OG0043102	NC_089040.1.g21665
MPE	OG0043103	NC_089040.1.g21706
MPE	OG0043104	NC_089040.1.g21837
MPE	OG0043105	NC_089040.1.g22011
MPE	OG0043106	NC_089040.1.g22053
MPE	OG0043107	NC_089040.1.g22177
MPE	OG0043108	NC_089040.1.g22215
MPE	OG0043109	NC_089040.1.g22234
MPE	OG0043110	NC_089040.1.g22328
MPE	OG0043111	NC_089040.1.g22335
MPE	OG0043112	NC_089040.1.g22344
MPE	OG0043113	NC_089040.1.g22396
MPE	OG0043114	NC_089040.1.g22481
MPE	OG0043115	NC_089040.1.g22547
MPE	OG0043116	NC_089040.1.g22635
MPE	OG0043117	NC_089040.1.g22706
MPE	OG0043118	NC_089040.1.g22722
MPE	OG0043119	NC_089040.1.g22770
MPE	OG0043120	NC_089040.1.g22830
MPE	OG0043121	NC_089040.1.g22843
MPE	OG0043122	NC_089040.1.g22869
MPE	OG0043123	NC_089040.1.g22914
MPE	OG0043124	NC_089040.1.g23038
MPE	OG0043125	NC_089040.1.g23101
MPE	OG0043126	NC_089040.1.g23105
MPE	OG0043127	NC_089040.1.g23326
MPE	OG0043128	NC_089040.1.g23419
MPE	OG0043129	NC_089041.1.g24096
MPE	OG0043130	NC_089041.1.g24992
MPE	OG0043131	NC_089041.1.g24995
MPE	OG0043132	NC_089041.1.g25057
MPE	OG0043133	NC_089041.1.g25103
MPE	OG0043134	NC_089041.1.g25189
MPE	OG0043135	NC_089041.1.g25205
MPE	OG0043136	NC_089041.1.g25232
MPE	OG0043137	NC_089041.1.g25438
MPE	OG0043138	NC_089041.1.g25523
MPE	OG0043139	NC_089041.1.g25542
MPE	OG0043140	NC_089041.1.g25604
MPE	OG0043141	NC_089041.1.g25610
MPE	OG0043142	NC_089041.1.g25651
MPE	OG0043143	NC_089041.1.g25828
MPE	OG0043144	NC_089041.1.g26265
MPE	OG0043145	NC_089041.1.g26581
MPE	OG0043146	NC_089041.1.g26652
MPE	OG0043147	NC_089042.1.g27158
MPE	OG0043148	NC_089042.1.g27461
MPE	OG0043149	NC_089042.1.g27496
MPE	OG0043150	NC_089042.1.g28478
MPE	OG0043151	NC_089042.1.g28492
MPE	OG0043152	NC_089042.1.g28587
MPE	OG0043153	NC_089042.1.g28599
MPE	OG0043154	NC_089042.1.g28608
MPE	OG0043155	NC_089042.1.g28661
MPE	OG0043156	NC_089042.1.g28692
MPE	OG0043157	NC_089042.1.g28722
MPE	OG0043158	NC_089042.1.g28742
MPE	OG0043159	NC_089042.1.g28802
MPE	OG0043160	NC_089042.1.g28941
MPE	OG0043161	NC_089042.1.g28976
MPE	OG0043162	NC_089042.1.g29216
MPE	OG0043163	NC_089043.1.g30019
MPE	OG0043164	NC_089043.1.g30069
MPE	OG0043165	NC_089043.1.g30142
MPE	OG0043166	NC_089043.1.g30145
MPE	OG0043167	NC_089043.1.g30147
MPE	OG0043168	NC_089043.1.g30195
MPE	OG0043169	NC_089043.1.g30197
MPE	OG0043170	NC_089043.1.g30451
MPE	OG0043171	NC_089043.1.g30675
MPE	OG0043172	NC_089043.1.g30687
MPE	OG0043173	NC_089043.1.g31017
MPE	OG0043174	NC_089043.1.g31335
MPE	OG0043175	NC_089044.1.g32033
MPE	OG0043176	NC_089044.1.g32090
MPE	OG0043177	NC_089044.1.g32098
MPE	OG0043178	NC_089044.1.g32132
MPE	OG0043179	NC_089044.1.g32143
MPE	OG0043180	NC_089044.1.g32207
MPE	OG0043181	NC_089044.1.g32303
MPE	OG0043182	NC_089044.1.g32365
MPE	OG0043183	NC_089044.1.g32375
MPE	OG0043184	NC_089044.1.g32615
MPE	OG0043185	NC_089044.1.g32634
MPE	OG0043186	NC_089044.1.g32709
MPE	OG0043187	NC_089044.1.g32781
MPE	OG0043188	NC_089044.1.g32946
MPE	OG0043189	NC_089044.1.g32999
MPE	OG0043190	NC_089044.1.g33050
MPE	OG0043191	NC_089044.1.g33163
MPE	OG0043192	NC_089044.1.g33803
MPE	OG0043193	NC_089044.1.g33896
MPE	OG0043194	NC_089045.1.g34269
MPE	OG0043195	NC_089045.1.g34289
MPE	OG0043196	NC_089045.1.g34424
MPE	OG0043197	NC_089045.1.g34622
MPE	OG0043198	NC_089045.1.g34640
MPE	OG0043199	NC_089045.1.g34692
MPE	OG0043200	NC_089045.1.g34708
MPE	OG0043201	NC_089045.1.g35118
MPE	OG0043202	NC_089045.1.g35136
MPE	OG0043203	NC_089045.1.g35193
MPE	OG0043204	NC_089045.1.g35202
MPE	OG0043205	NC_089045.1.g35305
MPE	OG0043206	NC_089045.1.g35419
MPE	OG0043207	NC_089045.1.g35523
MPE	OG0043208	NC_089045.1.g35577
MPE	OG0043209	NC_089045.1.g35642
MPE	OG0043210	NC_089045.1.g35666
MPE	OG0043211	NC_089045.1.g35869
MPE	OG0043212	NC_089045.1.g35938
MPE	OG0043213	NC_089045.1.g36064
MPE	OG0043214	NC_089045.1.g36175
MPE	OG0043215	NC_089045.1.g36290
MPE	OG0043216	NC_089045.1.g36291
MPE	OG0043217	NC_089045.1.g36293
MPE	OG0043218	NC_089045.1.g36298
MPE	OG0043219	NC_089045.1.g36400
MPE	OG0043220	NC_089045.1.g36458
MPE	OG0043221	NC_089045.1.g36488
MPE	OG0043222	NC_089045.1.g36489
MPE	OG0043223	NC_089045.1.g36511
MPE	OG0043224	NC_089045.1.g36606
MPE	OG0043225	NC_089045.1.g36660
MPE	OG0043226	NC_089045.1.g36799
MPE	OG0043227	NC_089045.1.g36805
MPE	OG0043228	NC_089045.1.g36888
MPE	OG0043229	NC_089045.1.g36898
MPE	OG0043230	NC_089045.1.g36937
MPE	OG0043231	NC_089045.1.g36945
MPE	OG0043232	NC_089045.1.g36958
MPE	OG0043233	NC_089045.1.g37001
MPE	OG0043234	NC_089045.1.g37003
MPE	OG0043235	NC_089046.1.g37143
MPE	OG0043236	NC_089046.1.g37188
MPE	OG0043237	NC_089046.1.g37234
MPE	OG0043238	NC_089046.1.g37790
MPE	OG0043239	NC_089046.1.g37803
MPE	OG0043240	NC_089046.1.g38033
MPE	OG0043241	NC_089046.1.g38339
MPE	OG0043242	NC_089046.1.g38447
MPE	OG0043243	NC_089046.1.g38453
MPE	OG0043244	NC_089046.1.g38496
MPE	OG0043245	NC_089046.1.g38583
MPE	OG0043246	NC_089046.1.g38590
MPE	OG0043247	NC_089046.1.g38899
MPE	OG0043248	NC_089046.1.g38901
MPE	OG0043249	NC_089046.1.g39072
MPE	OG0043250	NC_089046.1.g39167
MPE	OG0043251	NC_089046.1.g39217
PP	OG0043252	NC_089035.1.g97
PP	OG0043253	NC_089035.1.g502
PP	OG0043254	NC_089035.1.g569
PP	OG0043255	NC_089035.1.g1436
PP	OG0043256	NC_089035.1.g1549
PP	OG0043257	NC_089035.1.g1600
PP	OG0043258	NC_089035.1.g1627
PP	OG0043259	NC_089035.1.g1722
PP	OG0043260	NC_089035.1.g1876
PP	OG0043261	NC_089035.1.g1926
PP	OG0043262	NC_089035.1.g1938
PP	OG0043263	NC_089035.1.g1981
PP	OG0043264	NC_089035.1.g2064
PP	OG0043265	NC_089035.1.g2354
PP	OG0043266	NC_089035.1.g2428
PP	OG0043267	NC_089035.1.g2440
PP	OG0043268	NC_089035.1.g2465
PP	OG0043269	NC_089035.1.g2498
PP	OG0043270	NC_089035.1.g2817
PP	OG0043271	NC_089035.1.g2936
PP	OG0043272	NC_089035.1.g3803
PP	OG0043273	NC_089035.1.g3865
PP	OG0043274	NC_089035.1.g4027
PP	OG0043275	NC_089035.1.g4207
PP	OG0043276	NC_089035.1.g4435
PP	OG0043277	NC_089035.1.g5197
PP	OG0043278	NC_089036.1.g5645
PP	OG0043279	NC_089036.1.g5689
PP	OG0043280	NC_089036.1.g5720
PP	OG0043281	NC_089036.1.g5974
PP	OG0043282	NC_089036.1.g6304
PP	OG0043283	NC_089036.1.g6333
PP	OG0043284	NC_089036.1.g6571
PP	OG0043285	NC_089036.1.g6600
PP	OG0043286	NC_089036.1.g6601
PP	OG0043287	NC_089036.1.g6782
PP	OG0043288	NC_089036.1.g6842
PP	OG0043289	NC_089036.1.g7097
PP	OG0043290	NC_089036.1.g7132
PP	OG0043291	NC_089036.1.g7149
PP	OG0043292	NC_089036.1.g7151
PP	OG0043293	NC_089036.1.g7426
PP	OG0043294	NC_089036.1.g7550
PP	OG0043295	NC_089036.1.g7593
PP	OG0043296	NC_089036.1.g7669
PP	OG0043297	NC_089036.1.g7676
PP	OG0043298	NC_089036.1.g7909
PP	OG0043299	NC_089036.1.g8051
PP	OG0043300	NC_089036.1.g8090
PP	OG0043301	NC_089036.1.g8182
PP	OG0043302	NC_089036.1.g8426
PP	OG0043303	NC_089036.1.g8617
PP	OG0043304	NC_089036.1.g8844
PP	OG0043305	NC_089036.1.g9414
PP	OG0043306	NC_089037.1.g9607
PP	OG0043307	NC_089037.1.g9788
PP	OG0043308	NC_089037.1.g9979
PP	OG0043309	NC_089037.1.g10433
PP	OG0043310	NC_089037.1.g10580
PP	OG0043311	NC_089037.1.g11137
PP	OG0043312	NC_089037.1.g11231
PP	OG0043313	NC_089037.1.g11525
PP	OG0043314	NC_089037.1.g11679
PP	OG0043315	NC_089037.1.g11790
PP	OG0043316	NC_089037.1.g12023
PP	OG0043317	NC_089037.1.g12146
PP	OG0043318	NC_089037.1.g12253
PP	OG0043319	NC_089037.1.g12278
PP	OG0043320	NC_089037.1.g12554
PP	OG0043321	NC_089037.1.g12630
PP	OG0043322	NC_089037.1.g12675
PP	OG0043323	NC_089037.1.g12800
PP	OG0043324	NC_089037.1.g12945
PP	OG0043325	NC_089037.1.g13138
PP	OG0043326	NC_089037.1.g13222
PP	OG0043327	NC_089037.1.g13251
PP	OG0043328	NC_089037.1.g13649
PP	OG0043329	NC_089037.1.g13914
PP	OG0043330	NC_089038.1.g14131
PP	OG0043331	NC_089038.1.g14220
PP	OG0043332	NC_089038.1.g14225
PP	OG0043333	NC_089038.1.g14475
PP	OG0043334	NC_089038.1.g14519
PP	OG0043335	NC_089038.1.g14523
PP	OG0043336	NC_089038.1.g14607
PP	OG0043337	NC_089038.1.g14636
PP	OG0043338	NC_089038.1.g14698
PP	OG0043339	NC_089038.1.g14815
PP	OG0043340	NC_089038.1.g14882
PP	OG0043341	NC_089038.1.g14918
PP	OG0043342	NC_089038.1.g15144
PP	OG0043343	NC_089038.1.g15406
PP	OG0043344	NC_089038.1.g15632
PP	OG0043345	NC_089038.1.g15918
PP	OG0043346	NC_089038.1.g16301
PP	OG0043347	NC_089038.1.g16669
PP	OG0043348	NC_089038.1.g16870
PP	OG0043349	NC_089038.1.g17181
PP	OG0043350	NC_089038.1.g17187
PP	OG0043351	NC_089039.1.g17544
PP	OG0043352	NC_089039.1.g17731
PP	OG0043353	NC_089039.1.g17800
PP	OG0043354	NC_089039.1.g17907
PP	OG0043355	NC_089039.1.g18090
PP	OG0043356	NC_089039.1.g18156
PP	OG0043357	NC_089039.1.g18290
PP	OG0043358	NC_089039.1.g18372
PP	OG0043359	NC_089039.1.g18387
PP	OG0043360	NC_089039.1.g18515
PP	OG0043361	NC_089039.1.g19137
PP	OG0043362	NC_089039.1.g19149
PP	OG0043363	NC_089039.1.g19202
PP	OG0043364	NC_089039.1.g19216
PP	OG0043365	NC_089039.1.g19251
PP	OG0043366	NC_089039.1.g19493
PP	OG0043367	NC_089039.1.g19920
PP	OG0043368	NC_089039.1.g19924
PP	OG0043369	NC_089039.1.g19925
PP	OG0043370	NC_089039.1.g19940
PP	OG0043371	NC_089039.1.g19942
PP	OG0043372	NC_089039.1.g20301
PP	OG0043373	NC_089039.1.g20595
PP	OG0043374	NC_089040.1.g20761
PP	OG0043375	NC_089040.1.g21107
PP	OG0043376	NC_089040.1.g21335
PP	OG0043377	NC_089040.1.g21474
PP	OG0043378	NC_089040.1.g21728
PP	OG0043379	NC_089040.1.g21801
PP	OG0043380	NC_089040.1.g22320
PP	OG0043381	NC_089040.1.g22656
PP	OG0043382	NC_089040.1.g22859
PP	OG0043383	NC_089040.1.g22863
PP	OG0043384	NC_089040.1.g22924
PP	OG0043385	NC_089040.1.g22941
PP	OG0043386	NC_089040.1.g23159
PP	OG0043387	NC_089040.1.g23162
PP	OG0043388	NC_089040.1.g23291
PP	OG0043389	NC_089040.1.g23803
PP	OG0043390	NC_089041.1.g24482
PP	OG0043391	NC_089041.1.g24654
PP	OG0043392	NC_089041.1.g24689
PP	OG0043393	NC_089041.1.g24710
PP	OG0043394	NC_089041.1.g24903
PP	OG0043395	NC_089041.1.g25294
PP	OG0043396	NC_089041.1.g25319
PP	OG0043397	NC_089041.1.g25559
PP	OG0043398	NC_089041.1.g25627
PP	OG0043399	NC_089041.1.g25681
PP	OG0043400	NC_089041.1.g25755
PP	OG0043401	NC_089041.1.g26014
PP	OG0043402	NC_089041.1.g26027
PP	OG0043403	NC_089041.1.g26059
PP	OG0043404	NC_089041.1.g26183
PP	OG0043405	NC_089041.1.g26341
PP	OG0043406	NC_089041.1.g26502
PP	OG0043407	NC_089041.1.g27033
PP	OG0043408	NC_089042.1.g27100
PP	OG0043409	NC_089042.1.g27577
PP	OG0043410	NC_089042.1.g27702
PP	OG0043411	NC_089042.1.g27714
PP	OG0043412	NC_089042.1.g27773
PP	OG0043413	NC_089042.1.g27936
PP	OG0043414	NC_089042.1.g28003
PP	OG0043415	NC_089042.1.g28042
PP	OG0043416	NC_089042.1.g28104
PP	OG0043417	NC_089042.1.g28180
PP	OG0043418	NC_089042.1.g28245
PP	OG0043419	NC_089042.1.g28281
PP	OG0043420	NC_089042.1.g28291
PP	OG0043421	NC_089042.1.g28358
PP	OG0043422	NC_089042.1.g28412
PP	OG0043423	NC_089042.1.g28461
PP	OG0043424	NC_089042.1.g28513
PP	OG0043425	NC_089042.1.g28522
PP	OG0043426	NC_089042.1.g28711
PP	OG0043427	NC_089042.1.g28745
PP	OG0043428	NC_089042.1.g29084
PP	OG0043429	NC_089042.1.g29270
PP	OG0043430	NC_089043.1.g30030
PP	OG0043431	NC_089043.1.g30076
PP	OG0043432	NC_089043.1.g30204
PP	OG0043433	NC_089043.1.g30228
PP	OG0043434	NC_089043.1.g30242
PP	OG0043435	NC_089043.1.g30326
PP	OG0043436	NC_089043.1.g30329
PP	OG0043437	NC_089043.1.g30505
PP	OG0043438	NC_089043.1.g30584
PP	OG0043439	NC_089043.1.g30681
PP	OG0043440	NC_089043.1.g31751
PP	OG0043441	NC_089043.1.g31766
PP	OG0043442	NC_089043.1.g32006
PP	OG0043443	NC_089044.1.g32201
PP	OG0043444	NC_089044.1.g32298
PP	OG0043445	NC_089044.1.g32337
PP	OG0043446	NC_089044.1.g32353
PP	OG0043447	NC_089044.1.g32372
PP	OG0043448	NC_089044.1.g32558
PP	OG0043449	NC_089044.1.g33269
PP	OG0043450	NC_089044.1.g33293
PP	OG0043451	NC_089044.1.g34102
PP	OG0043452	NC_089044.1.g34204
PP	OG0043453	NC_089044.1.g34416
PP	OG0043454	NC_089045.1.g34993
PP	OG0043455	NC_089045.1.g35010
PP	OG0043456	NC_089045.1.g35039
PP	OG0043457	NC_089045.1.g35041
PP	OG0043458	NC_089045.1.g35109
PP	OG0043459	NC_089045.1.g35155
PP	OG0043460	NC_089045.1.g35389
PP	OG0043461	NC_089045.1.g35708
PP	OG0043462	NC_089045.1.g35726
PP	OG0043463	NC_089045.1.g35771
PP	OG0043464	NC_089045.1.g35991
PP	OG0043465	NC_089045.1.g36015
PP	OG0043466	NC_089045.1.g36238
PP	OG0043467	NC_089045.1.g36409
PP	OG0043468	NC_089045.1.g36420
PP	OG0043469	NC_089045.1.g36435
PP	OG0043470	NC_089045.1.g36494
PP	OG0043471	NC_089045.1.g36595
PP	OG0043472	NC_089045.1.g36695
PP	OG0043473	NC_089045.1.g36715
PP	OG0043474	NC_089045.1.g36775
PP	OG0043475	NC_089045.1.g36946
PP	OG0043476	NC_089045.1.g36955
PP	OG0043477	NC_089045.1.g37012
PP	OG0043478	NC_089045.1.g37160
PP	OG0043479	NC_089045.1.g37222
PP	OG0043480	NC_089046.1.g37417
PP	OG0043481	NC_089046.1.g37524
PP	OG0043482	NC_089046.1.g37771
PP	OG0043483	NC_089046.1.g37812
PP	OG0043484	NC_089046.1.g37825
PP	OG0043485	NC_089046.1.g37843
PP	OG0043486	NC_089046.1.g37858
PP	OG0043487	NC_089046.1.g37859
PP	OG0043488	NC_089046.1.g37957
PP	OG0043489	NC_089046.1.g37958
PP	OG0043490	NC_089046.1.g38039
PP	OG0043491	NC_089046.1.g38230
PP	OG0043492	NC_089046.1.g38331
PP	OG0043493	NC_089046.1.g38441
PP	OG0043494	NC_089046.1.g38508
PP	OG0043495	NC_089046.1.g39040
PP	OG0043496	NC_089046.1.g39115
PP	OG0043497	NC_089046.1.g39215
PP	OG0043498	NC_089046.1.g39265
PP	OG0043499	NC_089046.1.g39463
PP	OG0043500	NC_089046.1.g39572
